-- phpMyAdmin SQL Dump
-- version 3.5.1
-- http://www.phpmyadmin.net
--
-- Host: localhost
-- Generation Time: Nov 16, 2017 at 06:04 PM
-- Server version: 5.5.24-log
-- PHP Version: 5.4.3

SET SQL_MODE="NO_AUTO_VALUE_ON_ZERO";
SET time_zone = "+00:00";


/*!40101 SET @OLD_CHARACTER_SET_CLIENT=@@CHARACTER_SET_CLIENT */;
/*!40101 SET @OLD_CHARACTER_SET_RESULTS=@@CHARACTER_SET_RESULTS */;
/*!40101 SET @OLD_COLLATION_CONNECTION=@@COLLATION_CONNECTION */;
/*!40101 SET NAMES utf8 */;

--
-- Database: `tickets`
--

-- --------------------------------------------------------

--
-- Table structure for table `admin_users`
--

CREATE TABLE IF NOT EXISTS `admin_users` (
  `Admin_Id` int(11) NOT NULL AUTO_INCREMENT,
  `Admin_Name` varchar(500) NOT NULL,
  `Admin_Email` varchar(500) NOT NULL,
  `Admin_CreatedOn` datetime NOT NULL,
  `Admin_CreatedBy` int(12) NOT NULL,
  `Admin_Status` int(1) NOT NULL DEFAULT '1',
  `Admin_Uname` varchar(500) NOT NULL,
  `Admin_Pass` varchar(500) NOT NULL,
  `Admin_Role` int(1) NOT NULL DEFAULT '0',
  `Admin_ViewOnly` int(1) NOT NULL DEFAULT '0',
  PRIMARY KEY (`Admin_Id`)
) ENGINE=InnoDB  DEFAULT CHARSET=utf8 AUTO_INCREMENT=5 ;

--
-- Dumping data for table `admin_users`
--

INSERT INTO `admin_users` (`Admin_Id`, `Admin_Name`, `Admin_Email`, `Admin_CreatedOn`, `Admin_CreatedBy`, `Admin_Status`, `Admin_Uname`, `Admin_Pass`, `Admin_Role`, `Admin_ViewOnly`) VALUES
(1, 'Anurag Singh', 'info@creativewebie.org', '2016-09-04 12:40:24', 1, 1, 'anurag', 'anurag', 1, 0),
(3, 'KDMT Admin', 'shampashte@gmail.com', '2017-11-12 10:38:16', 1, 1, 'kdmtadmin', 'kdmt@2017', 1, 0),
(4, 'KDMT User', 'shampashte@gmail.com', '2017-11-12 10:39:27', 1, 1, 'kdmtuser', 'kdmt@2017', 0, 0);

-- --------------------------------------------------------

--
-- Table structure for table `bus_duty`
--

CREATE TABLE IF NOT EXISTS `bus_duty` (
  `bus_duty_Id` int(12) NOT NULL AUTO_INCREMENT,
  `bus_duty_RouteId` int(12) NOT NULL,
  `bus_duty_Number` int(12) NOT NULL,
  `bus_duty_CreatedOn` timestamp NOT NULL DEFAULT CURRENT_TIMESTAMP,
  `bus_duty_AddedBy` int(12) NOT NULL DEFAULT '0',
  PRIMARY KEY (`bus_duty_Id`),
  KEY `bus_duty_RouteId` (`bus_duty_RouteId`)
) ENGINE=InnoDB  DEFAULT CHARSET=latin1 AUTO_INCREMENT=219 ;

--
-- Dumping data for table `bus_duty`
--

INSERT INTO `bus_duty` (`bus_duty_Id`, `bus_duty_RouteId`, `bus_duty_Number`, `bus_duty_CreatedOn`, `bus_duty_AddedBy`) VALUES
(1, 1, 1, '2017-11-15 18:30:00', 1),
(2, 1, 2, '2017-11-15 18:30:00', 1),
(3, 1, 3, '2017-11-15 18:30:00', 1),
(4, 1, 4, '2017-11-15 18:30:00', 1),
(5, 1, 5, '2017-11-15 18:30:00', 1),
(6, 1, 6, '2017-11-15 18:30:00', 1),
(7, 1, 7, '2017-11-15 18:30:00', 1),
(8, 1, 8, '2017-11-15 18:30:00', 1),
(9, 1, 9, '2017-11-15 18:30:00', 1),
(10, 2, 1, '2017-11-15 18:30:00', 1),
(11, 2, 2, '2017-11-15 18:30:00', 1),
(12, 2, 3, '2017-11-15 18:30:00', 1),
(13, 2, 4, '2017-11-15 18:30:00', 1),
(14, 2, 5, '2017-11-15 18:30:00', 1),
(15, 2, 6, '2017-11-15 18:30:00', 1),
(16, 2, 7, '2017-11-15 18:30:00', 1),
(17, 2, 8, '2017-11-15 18:30:00', 1),
(18, 3, 1, '2017-11-15 18:30:00', 1),
(19, 3, 2, '2017-11-15 18:30:00', 1),
(20, 3, 3, '2017-11-15 18:30:00', 1),
(21, 3, 4, '2017-11-15 18:30:00', 1),
(22, 4, 1, '2017-11-15 18:30:00', 1),
(23, 4, 2, '2017-11-15 18:30:00', 1),
(24, 5, 1, '2017-11-15 18:30:00', 1),
(25, 5, 2, '2017-11-15 18:30:00', 1),
(26, 6, 1, '2017-11-15 18:30:00', 1),
(27, 6, 2, '2017-11-15 18:30:00', 1),
(28, 6, 3, '2017-11-15 18:30:00', 1),
(29, 6, 4, '2017-11-15 18:30:00', 1),
(30, 6, 5, '2017-11-15 18:30:00', 1),
(31, 6, 6, '2017-11-15 18:30:00', 1),
(32, 6, 7, '2017-11-15 18:30:00', 1),
(33, 6, 8, '2017-11-15 18:30:00', 1),
(34, 7, 1, '2017-11-15 18:30:00', 1),
(35, 7, 2, '2017-11-15 18:30:00', 1),
(36, 7, 3, '2017-11-15 18:30:00', 1),
(37, 7, 4, '2017-11-15 18:30:00', 1),
(38, 7, 5, '2017-11-15 18:30:00', 1),
(39, 7, 6, '2017-11-15 18:30:00', 1),
(40, 7, 7, '2017-11-15 18:30:00', 1),
(41, 7, 8, '2017-11-15 18:30:00', 1),
(42, 7, 9, '2017-11-15 18:30:00', 1),
(43, 7, 10, '2017-11-15 18:30:00', 1),
(44, 7, 11, '2017-11-15 18:30:00', 1),
(45, 7, 12, '2017-11-15 18:30:00', 1),
(46, 7, 13, '2017-11-15 18:30:00', 1),
(47, 7, 14, '2017-11-15 18:30:00', 1),
(48, 7, 15, '2017-11-15 18:30:00', 1),
(49, 7, 16, '2017-11-15 18:30:00', 1),
(50, 8, 1, '2017-11-15 18:30:00', 1),
(51, 8, 2, '2017-11-15 18:30:00', 1),
(52, 8, 3, '2017-11-15 18:30:00', 1),
(53, 8, 4, '2017-11-15 18:30:00', 1),
(54, 8, 5, '2017-11-15 18:30:00', 1),
(55, 8, 6, '2017-11-15 18:30:00', 1),
(56, 8, 7, '2017-11-15 18:30:00', 1),
(57, 8, 8, '2017-11-15 18:30:00', 1),
(58, 8, 9, '2017-11-15 18:30:00', 1),
(59, 8, 10, '2017-11-15 18:30:00', 1),
(60, 8, 11, '2017-11-15 18:30:00', 1),
(61, 8, 12, '2017-11-15 18:30:00', 1),
(62, 8, 13, '2017-11-15 18:30:00', 1),
(63, 8, 14, '2017-11-15 18:30:00', 1),
(64, 8, 15, '2017-11-15 18:30:00', 1),
(65, 8, 16, '2017-11-15 18:30:00', 1),
(66, 9, 1, '2017-11-15 18:30:00', 1),
(67, 9, 2, '2017-11-15 18:30:00', 1),
(68, 10, 1, '2017-11-15 18:30:00', 1),
(69, 10, 2, '2017-11-15 18:30:00', 1),
(70, 10, 3, '2017-11-15 18:30:00', 1),
(71, 10, 4, '2017-11-15 18:30:00', 1),
(72, 10, 5, '2017-11-15 18:30:00', 1),
(73, 10, 6, '2017-11-15 18:30:00', 1),
(74, 10, 7, '2017-11-15 18:30:00', 1),
(75, 10, 8, '2017-11-15 18:30:00', 1),
(76, 10, 9, '2017-11-15 18:30:00', 1),
(77, 10, 10, '2017-11-15 18:30:00', 1),
(78, 10, 11, '2017-11-15 18:30:00', 1),
(79, 10, 12, '2017-11-15 18:30:00', 1),
(80, 10, 13, '2017-11-15 18:30:00', 1),
(81, 10, 14, '2017-11-15 18:30:00', 1),
(82, 10, 15, '2017-11-15 18:30:00', 1),
(83, 10, 16, '2017-11-15 18:30:00', 1),
(84, 10, 17, '2017-11-15 18:30:00', 1),
(85, 10, 18, '2017-11-15 18:30:00', 1),
(86, 10, 19, '2017-11-15 18:30:00', 1),
(87, 10, 20, '2017-11-15 18:30:00', 1),
(88, 11, 1, '2017-11-15 18:30:00', 1),
(89, 11, 2, '2017-11-15 18:30:00', 1),
(90, 12, 1, '2017-11-15 18:30:00', 1),
(91, 12, 2, '2017-11-15 18:30:00', 1),
(92, 12, 3, '2017-11-15 18:30:00', 1),
(93, 12, 4, '2017-11-15 18:30:00', 1),
(94, 13, 1, '2017-11-15 18:30:00', 1),
(95, 13, 2, '2017-11-15 18:30:00', 1),
(96, 13, 3, '2017-11-15 18:30:00', 1),
(97, 13, 4, '2017-11-15 18:30:00', 1),
(98, 13, 5, '2017-11-15 18:30:00', 1),
(99, 13, 6, '2017-11-15 18:30:00', 1),
(100, 13, 7, '2017-11-15 18:30:00', 1),
(101, 13, 8, '2017-11-15 18:30:00', 1),
(102, 13, 9, '2017-11-15 18:30:00', 1),
(103, 13, 10, '2017-11-15 18:30:00', 1),
(104, 13, 11, '2017-11-15 18:30:00', 1),
(105, 13, 12, '2017-11-15 18:30:00', 1),
(106, 13, 13, '2017-11-15 18:30:00', 1),
(107, 13, 14, '2017-11-15 18:30:00', 1),
(108, 13, 15, '2017-11-15 18:30:00', 1),
(109, 13, 16, '2017-11-15 18:30:00', 1),
(110, 13, 17, '2017-11-15 18:30:00', 1),
(111, 13, 18, '2017-11-15 18:30:00', 1),
(112, 13, 19, '2017-11-15 18:30:00', 1),
(113, 13, 20, '2017-11-15 18:30:00', 1),
(114, 14, 1, '2017-11-15 18:30:00', 1),
(115, 14, 2, '2017-11-15 18:30:00', 1),
(116, 15, 1, '2017-11-15 18:30:00', 1),
(117, 15, 2, '2017-11-15 18:30:00', 1),
(118, 16, 1, '2017-11-15 18:30:00', 1),
(119, 16, 2, '2017-11-15 18:30:00', 1),
(120, 17, 1, '2017-11-15 18:30:00', 1),
(121, 17, 2, '2017-11-15 18:30:00', 1),
(122, 18, 1, '2017-11-15 18:30:00', 1),
(123, 18, 2, '2017-11-15 18:30:00', 1),
(124, 18, 3, '2017-11-15 18:30:00', 1),
(125, 18, 4, '2017-11-15 18:30:00', 1),
(126, 18, 5, '2017-11-15 18:30:00', 1),
(127, 18, 6, '2017-11-15 18:30:00', 1),
(128, 18, 7, '2017-11-15 18:30:00', 1),
(129, 18, 8, '2017-11-15 18:30:00', 1),
(130, 18, 9, '2017-11-15 18:30:00', 1),
(131, 18, 10, '2017-11-15 18:30:00', 1),
(132, 19, 1, '2017-11-15 18:30:00', 1),
(133, 19, 2, '2017-11-15 18:30:00', 1),
(134, 20, 1, '2017-11-15 18:30:00', 1),
(135, 21, 1, '2017-11-15 18:30:00', 1),
(136, 21, 2, '2017-11-15 18:30:00', 1),
(137, 21, 3, '2017-11-15 18:30:00', 1),
(138, 21, 4, '2017-11-15 18:30:00', 1),
(139, 21, 5, '2017-11-15 18:30:00', 1),
(140, 21, 6, '2017-11-15 18:30:00', 1),
(141, 21, 7, '2017-11-15 18:30:00', 1),
(142, 21, 8, '2017-11-15 18:30:00', 1),
(143, 21, 9, '2017-11-15 18:30:00', 1),
(144, 21, 10, '2017-11-15 18:30:00', 1),
(145, 21, 11, '2017-11-15 18:30:00', 1),
(146, 22, 1, '2017-11-15 18:30:00', 1),
(147, 22, 2, '2017-11-15 18:30:00', 1),
(148, 23, 1, '2017-11-15 18:30:00', 1),
(149, 23, 2, '2017-11-15 18:30:00', 1),
(150, 23, 3, '2017-11-15 18:30:00', 1),
(151, 23, 4, '2017-11-15 18:30:00', 1),
(152, 23, 5, '2017-11-15 18:30:00', 1),
(153, 23, 6, '2017-11-15 18:30:00', 1),
(154, 23, 7, '2017-11-15 18:30:00', 1),
(155, 23, 8, '2017-11-15 18:30:00', 1),
(156, 23, 9, '2017-11-15 18:30:00', 1),
(157, 23, 10, '2017-11-15 18:30:00', 1),
(158, 23, 11, '2017-11-15 18:30:00', 1),
(159, 23, 12, '2017-11-15 18:30:00', 1),
(160, 24, 1, '2017-11-15 18:30:00', 1),
(161, 24, 2, '2017-11-15 18:30:00', 1),
(162, 24, 3, '2017-11-15 18:30:00', 1),
(163, 24, 4, '2017-11-15 18:30:00', 1),
(164, 24, 5, '2017-11-15 18:30:00', 1),
(165, 24, 6, '2017-11-15 18:30:00', 1),
(166, 25, 1, '2017-11-15 18:30:00', 1),
(167, 25, 2, '2017-11-15 18:30:00', 1),
(168, 26, 1, '2017-11-15 18:30:00', 1),
(169, 26, 2, '2017-11-15 18:30:00', 1),
(170, 27, 1, '2017-11-15 18:30:00', 1),
(171, 27, 2, '2017-11-15 18:30:00', 1),
(172, 27, 3, '2017-11-15 18:30:00', 1),
(173, 27, 4, '2017-11-15 18:30:00', 1),
(174, 27, 5, '2017-11-15 18:30:00', 1),
(175, 27, 6, '2017-11-15 18:30:00', 1),
(176, 28, 1, '2017-11-15 18:30:00', 1),
(177, 28, 2, '2017-11-15 18:30:00', 1),
(178, 28, 3, '2017-11-15 18:30:00', 1),
(179, 28, 4, '2017-11-15 18:30:00', 1),
(180, 29, 1, '2017-11-15 18:30:00', 1),
(181, 29, 2, '2017-11-15 18:30:00', 1),
(182, 30, 1, '2017-11-15 18:30:00', 1),
(183, 30, 2, '2017-11-15 18:30:00', 1),
(184, 30, 3, '2017-11-15 18:30:00', 1),
(185, 30, 4, '2017-11-15 18:30:00', 1),
(186, 30, 5, '2017-11-15 18:30:00', 1),
(187, 30, 6, '2017-11-15 18:30:00', 1),
(188, 30, 7, '2017-11-15 18:30:00', 1),
(189, 30, 8, '2017-11-15 18:30:00', 1),
(190, 31, 1, '2017-11-15 18:30:00', 1),
(191, 31, 2, '2017-11-15 18:30:00', 1),
(192, 32, 1, '2017-11-15 18:30:00', 1),
(193, 32, 2, '2017-11-15 18:30:00', 1),
(194, 33, 1, '2017-11-15 18:30:00', 1),
(195, 33, 2, '2017-11-15 18:30:00', 1),
(196, 33, 3, '2017-11-15 18:30:00', 1),
(197, 33, 4, '2017-11-15 18:30:00', 1),
(198, 33, 5, '2017-11-15 18:30:00', 1),
(199, 33, 6, '2017-11-15 18:30:00', 1),
(200, 34, 1, '2017-11-15 18:30:00', 1),
(201, 34, 2, '2017-11-15 18:30:00', 1),
(202, 37, 1, '2017-11-15 18:30:00', 1),
(203, 37, 2, '2017-11-15 18:30:00', 1),
(204, 37, 3, '2017-11-15 18:30:00', 1),
(205, 37, 4, '2017-11-15 18:30:00', 1),
(206, 37, 5, '2017-11-15 18:30:00', 1),
(207, 37, 6, '2017-11-15 18:30:00', 1),
(208, 37, 7, '2017-11-15 18:30:00', 1),
(209, 37, 8, '2017-11-15 18:30:00', 1),
(210, 37, 9, '2017-11-15 18:30:00', 1),
(211, 37, 10, '2017-11-15 18:30:00', 1),
(212, 38, 1, '2017-11-15 18:30:00', 1),
(213, 38, 2, '2017-11-15 18:30:00', 1),
(214, 38, 3, '2017-11-15 18:30:00', 1),
(215, 38, 4, '2017-11-15 18:30:00', 1),
(216, 38, 5, '2017-11-15 18:30:00', 1),
(217, 38, 6, '2017-11-15 18:30:00', 1);

-- --------------------------------------------------------

--
-- Table structure for table `bus_list`
--

CREATE TABLE IF NOT EXISTS `bus_list` (
  `bus_number` varchar(200) NOT NULL,
  UNIQUE KEY `bus_number` (`bus_number`)
) ENGINE=InnoDB DEFAULT CHARSET=latin1;

--
-- Dumping data for table `bus_list`
--

INSERT INTO `bus_list` (`bus_number`) VALUES
('MH05R-0438'),
('MH05R-0440'),
('MH05R-0442'),
('MH05R-0443'),
('MH05R-0445'),
('MH05R-0447'),
('MH05R-0449'),
('MH05R-0451'),
('MH05R-0452'),
('MH05R-0453'),
('MH05R-0454'),
('MH05R-0455'),
('MH05R-0458'),
('MH05R-0460'),
('MH05R-0461'),
('MH05R-0462'),
('MH05R-0463'),
('MH05R-0464'),
('MH05R-0465'),
('MH05R-0466'),
('MH05R-0467'),
('MH05R-0469'),
('MH05R-0470'),
('MH05R-0471'),
('MH05R-0472'),
('MH05R-0473'),
('MH05R-0474'),
('MH05R-0475'),
('MH05R-0476'),
('MH05R-0478'),
('MH05R-1034'),
('MH05R-1035'),
('MH05R-1036'),
('MH05R-1037'),
('MH05R-1038'),
('MH05R-1039'),
('MH05R-1040'),
('MH05R-1041'),
('MH05R-1042'),
('MH05R-1043'),
('MH05R-1059'),
('MH05R-1060'),
('MH05R-1061'),
('MH05R-1062'),
('MH05R-1063'),
('MH05R-1064'),
('MH05R-1065'),
('MH05R-1066'),
('MH05R-1067'),
('MH05R-1068'),
('MH05R-1069'),
('MH05R-1070'),
('MH05R-1071'),
('MH05R-1072'),
('MH05R-1073'),
('MH05R-1074'),
('MH05R-1075'),
('MH05R-1076'),
('MH05R-1077'),
('MH05R-1078'),
('MH05R-1079'),
('MH05R-1080'),
('MH05R-1081'),
('MH05R-1082'),
('MH05R-1083'),
('MH05R-1084'),
('MH05R-1085'),
('MH05R-1086'),
('MH05R-1087'),
('MH05R-1088'),
('MH05R-1089'),
('MH05R-1090'),
('MH05R-1091'),
('MH05R-1092'),
('MH05R-1093'),
('MH05R-1094'),
('MH05R-1095'),
('MH05R-1096'),
('MH05R-1097'),
('MH05R-1098'),
('MH05R-1099'),
('MH05R-1101'),
('MH05R-1102'),
('MH05R-1103'),
('MH05R-1104'),
('MH05R-1105'),
('MH05R-1106'),
('MH05R-1107'),
('MH05R-1108'),
('MH05R-1109'),
('MH05R-1110'),
('MH05R-1113'),
('MH05R-1114'),
('MH05R-1115'),
('MH05R-1116'),
('MH05R-1117'),
('MH05R-1118'),
('MH05R-1119'),
('MH05R-1120'),
('MH05R-1121'),
('MH05R-1122'),
('MH05R-1123'),
('MH05R-1124'),
('MH05R-1125'),
('MH05R-1126'),
('MH05R-1127'),
('MH05R-1128'),
('MH05R-1129'),
('MH05R-1130'),
('MH05R-1131'),
('MH05R-1132'),
('MH05R-1133'),
('MH05R-1134'),
('MH05R-1135'),
('MH05R-1136'),
('MH05R-1137'),
('MH05R-1138'),
('MH05R-1139'),
('MH05R-1140'),
('MH05R-1141'),
('MH05R-1142'),
('MH05R-1143'),
('MH05R-1144'),
('MH05R-1145'),
('MH05R-1146'),
('MH05R-1147'),
('MH05R-1148'),
('MH05R-1149'),
('MH05R-1150'),
('MH05R-1151'),
('MH05R-1152'),
('MH05R-1153'),
('MH05R-1154'),
('MH05R-1155'),
('MH05R-1156'),
('MH05R-1157'),
('MH05R-1158'),
('MH05R-1159'),
('MH05R-1160'),
('MH05R-1161'),
('MH05R-1162'),
('MH05R-1163'),
('MH05R-1164'),
('MH05R-1165'),
('MH05R-1166'),
('MH05R-1167'),
('MH05R-1168'),
('MH05R-1169'),
('MH05R-1170'),
('MH05R-1171'),
('MH05R-1172'),
('MH05R-1173'),
('MH05R-1174'),
('MH05R-1175'),
('MH05R-1176'),
('MH05R-1177'),
('MH05R-1178'),
('MH05R-1179'),
('MH05R-1180'),
('MH05R-1181'),
('MH05R-1182'),
('MH05R-1183'),
('MH05R-1184'),
('MH05R-1185'),
('MH05R-1186'),
('MH05R-1187'),
('MH05R-1188'),
('MH05R-1189'),
('MH05R-1190'),
('MH05R-1191'),
('MH05R-1192'),
('MH05R-1193'),
('MH05R-1194'),
('MH05R-1195'),
('MH05R-1196'),
('MH05R-1197'),
('MH05R-1198'),
('MH05R-1199'),
('MH05R-1201'),
('MH05R-1202'),
('MH05R-1203'),
('MH05R-1204'),
('MH05R-1205'),
('MH05R-1206'),
('MH05R-1207'),
('MH05R-1208'),
('MH05R-1209'),
('MH05R-1210'),
('MH05R-1211'),
('MH05R-1214'),
('MH05R-1215'),
('MH05R-1216'),
('MH05R-1217'),
('MH05R-1218'),
('MH05R-1219'),
('MH05R-1220'),
('MH05R-1222'),
('MH05R-1223'),
('MH05R-1224'),
('MH05R-1225'),
('MH05R-1226'),
('MH05R-1227'),
('MH05R-1228'),
('MH05R-1229'),
('MH05R-1230'),
('MH05R-1231'),
('MH05R-1232'),
('MH05R-1233'),
('MH05R-1235'),
('MH05R-1236'),
('MH05R-1237'),
('MH05R-1238'),
('MH05R-1239'),
('MH05R-1240'),
('MH05R-1241'),
('MH05R-1242'),
('MH05R-1243'),
('MH05R-1244');

-- --------------------------------------------------------

--
-- Table structure for table `bus_routes`
--

CREATE TABLE IF NOT EXISTS `bus_routes` (
  `Bus_Routes_Id` int(12) NOT NULL AUTO_INCREMENT,
  `Bus_Routes_Number` int(12) NOT NULL,
  `Bus_Routes_Name` varchar(250) NOT NULL,
  `Bus_Routes_Status` tinyint(1) NOT NULL DEFAULT '1',
  `Bus_Routes_AddedDateandTime` timestamp NOT NULL DEFAULT CURRENT_TIMESTAMP,
  `Bus_Routes_CreatedBy` int(12) NOT NULL,
  PRIMARY KEY (`Bus_Routes_Id`)
) ENGINE=InnoDB  DEFAULT CHARSET=latin1 AUTO_INCREMENT=472 ;

--
-- Dumping data for table `bus_routes`
--

INSERT INTO `bus_routes` (`Bus_Routes_Id`, `Bus_Routes_Number`, `Bus_Routes_Name`, `Bus_Routes_Status`, `Bus_Routes_AddedDateandTime`, `Bus_Routes_CreatedBy`) VALUES
(1, 1, 'Kalyan to Kalyan(Durgadi)', 1, '2017-11-15 18:30:00', 1),
(2, 2, 'Kalyan to Kalyan(Birla College)', 1, '2017-11-15 18:30:00', 1),
(3, 3, 'Sai Chowk To Khadegovali', 1, '2017-11-15 18:30:00', 1),
(4, 4, 'Kalyan To Dombivali', 1, '2017-11-15 18:30:00', 1),
(5, 5, 'Kalyan to Yogidham(Gowripada)', 1, '2017-11-15 18:30:00', 1),
(6, 7, 'Kalyan To Mohana Colony', 1, '2017-11-15 18:30:00', 1),
(7, 11, 'Kalyan To Vashi(C.B.D)', 1, '2017-11-15 18:30:00', 1),
(8, 15, 'Kalyan Station To Kokan Bhavan', 1, '2017-11-15 18:30:00', 1),
(9, 16, 'Kalyan Station TO Umbarde Gaon', 1, '2017-11-15 18:30:00', 1),
(10, 20, 'Kalyan To Panvel(Usatne)', 1, '2017-11-15 18:30:00', 1),
(11, 28, 'Kalyan To Gandhari Agrawal collage(madhav)', 1, '2017-11-15 18:30:00', 1),
(12, 29, 'Kalyan To Gandhari Agrawal collage(Hina Garden)', 1, '2017-11-15 18:30:00', 1),
(13, 35, 'Kalyan To Bhivandi', 1, '2017-11-15 18:30:00', 1),
(14, 38, 'Kalyan To Jambul Vasat', 1, '2017-11-15 18:30:00', 1),
(15, 42, 'Kalyan To Vakalan', 1, '2017-11-15 18:30:00', 1),
(16, 43, 'KALYAN STATION to SAPERDE', 1, '2017-11-15 18:30:00', 1),
(17, 44, 'Kalyan To Burdul', 1, '2017-11-15 18:30:00', 1),
(18, 45, 'Kalyan To Malangad', 1, '2017-11-15 18:30:00', 1),
(19, 48, 'Titwala Mandir To Sangoda ZP', 1, '2017-11-15 18:30:00', 1),
(20, 50, 'Dombivali To Premier Colony', 1, '2017-11-15 18:30:00', 1),
(21, 51, 'Dombivali To Lodha Hevan', 1, '2017-11-15 18:30:00', 1),
(22, 54, 'Dombivali To H Ward Niwasi', 1, '2017-11-15 18:30:00', 1),
(23, 55, 'Dombivali To Nivasi', 1, '2017-11-15 18:30:00', 1),
(24, 57, 'Dombivali To Bhopar (Desalepada)', 1, '2017-11-15 18:30:00', 1),
(25, 58, 'Dombivali To Navnit Nagar(P&T)', 1, '2017-11-15 18:30:00', 1),
(26, 59, 'Dombivali To Sagrli(Gograswadi)', 1, '2017-11-15 18:30:00', 1),
(27, 60, 'Dombivali To Vashi', 1, '2017-11-15 18:30:00', 1),
(28, 65, 'Dombivali To Davadigav(regency)', 1, '2017-11-15 18:30:00', 1),
(29, 69, 'Dombivali stn (w) To Garibacawada', 1, '2017-11-15 18:30:00', 1),
(30, 70, 'Dombivali stn To Panvel Via Shilfata', 1, '2017-11-15 18:30:00', 1),
(31, 71, 'Dombivali Umesh Nagar To Devicapada', 1, '2017-11-15 18:30:00', 1),
(32, 72, 'Dombivali Umesh Nagar to Devicapada(Dindayal)', 1, '2017-11-15 18:30:00', 1),
(33, 81, 'Dombivali West To Vashi', 1, '2017-11-15 18:30:00', 1),
(34, 83, 'Dombivali West To Laxman Resha', 1, '2017-11-15 18:30:00', 1),
(35, 84, 'Dombivali West To Ayre Gaon', 1, '2017-11-15 18:30:00', 1),
(36, 99, 'Stand Booking', 1, '2017-11-15 18:30:00', 1),
(37, 108, 'VASANT VALLY TERMINAL To MAHAPE', 1, '2017-11-15 18:30:00', 1),
(38, 138, 'KALYAN STATION to AMBERNATH Via Camp no.1', 1, '2017-11-15 18:30:00', 1);

-- --------------------------------------------------------

--
-- Table structure for table `bus_timing`
--

CREATE TABLE IF NOT EXISTS `bus_timing` (
  `bus_timing_Id` int(12) NOT NULL AUTO_INCREMENT,
  `bus_timing_DutyId` int(12) NOT NULL,
  `bus_timing_RouteId` int(12) NOT NULL,
  `bus_timing_Source` varchar(250) NOT NULL,
  `bus_timing_Destination` varchar(250) NOT NULL,
  `bus_timing_Kilometers` decimal(8,3) NOT NULL,
  `bus_timing_StartTime` time NOT NULL,
  `bus_timing_DestinationTime` time NOT NULL,
  `bus_timing_CreatedOn` timestamp NOT NULL DEFAULT CURRENT_TIMESTAMP,
  `bus_timing_AddedBy` int(12) NOT NULL,
  `bus_timing_Status` tinyint(1) NOT NULL DEFAULT '1',
  PRIMARY KEY (`bus_timing_Id`),
  KEY `bus_timing_DutyId` (`bus_timing_DutyId`),
  KEY `bus_timing_RouteId` (`bus_timing_RouteId`)
) ENGINE=InnoDB  DEFAULT CHARSET=latin1 AUTO_INCREMENT=13 ;

--
-- Dumping data for table `bus_timing`
--

INSERT INTO `bus_timing` (`bus_timing_Id`, `bus_timing_DutyId`, `bus_timing_RouteId`, `bus_timing_Source`, `bus_timing_Destination`, `bus_timing_Kilometers`, `bus_timing_StartTime`, `bus_timing_DestinationTime`, `bus_timing_CreatedOn`, `bus_timing_AddedBy`, `bus_timing_Status`) VALUES
(1, 1, 1, 'Vasant Valley', 'Kalyan', '5.000', '13:12:00', '02:24:00', '0000-00-00 00:00:00', 1, 1),
(2, 1, 1, 'Kalyan', 'Vashi', '32.100', '03:36:00', '09:36:00', '0000-00-00 00:00:00', 1, 1),
(3, 1, 1, 'Vashi', 'Kalyan', '32.100', '10:48:00', '03:36:00', '0000-00-00 00:00:00', 1, 1),
(4, 1, 1, 'Kalyan', 'Vashi', '32.100', '10:48:00', '06:00:00', '0000-00-00 00:00:00', 1, 1),
(5, 1, 1, 'Vashi', 'Kalyan', '32.100', '07:12:00', '02:24:00', '0000-00-00 00:00:00', 1, 1),
(6, 1, 1, 'Kalyan', 'Vasant Valley', '5.000', '03:36:00', '07:12:00', '0000-00-00 00:00:00', 1, 1),
(7, 2, 1, 'Vasant Valley', 'Kalyan', '5.000', '06:00:00', '09:36:00', '0000-00-00 00:00:00', 1, 1),
(8, 2, 1, 'Kalyan', 'Vashi', '32.100', '10:48:00', '02:24:00', '0000-00-00 00:00:00', 1, 1),
(9, 2, 1, 'Vashi', 'Kalyan', '32.100', '03:36:00', '00:00:00', '0000-00-00 00:00:00', 1, 1),
(10, 2, 1, 'Kalyan', 'CBD', '35.300', '07:12:00', '13:12:00', '0000-00-00 00:00:00', 1, 1),
(11, 2, 1, 'CBD', 'Kalyan', '35.300', '00:00:00', '06:00:00', '0000-00-00 00:00:00', 1, 1),
(12, 2, 1, 'Kalyan', 'Vasant Valley', '5.000', '07:12:00', '10:48:00', '0000-00-00 00:00:00', 1, 1);

-- --------------------------------------------------------

--
-- Table structure for table `cashdeposit_slip`
--

CREATE TABLE IF NOT EXISTS `cashdeposit_slip` (
  `cashDeposit_slip_Id` int(12) NOT NULL AUTO_INCREMENT,
  `cashDeposit_slip_Number` bigint(20) NOT NULL,
  `cashDeposit_slip_ConductorEmpId` int(12) NOT NULL,
  `cashDeposit_slip_Date` date NOT NULL,
  `cashDeposit_slip_DutyId` int(12) NOT NULL,
  `cashDeposit_slip_BusNumber` varchar(250) NOT NULL,
  `cashDeposit_slip_DriverEmpId` int(12) NOT NULL,
  `cashDeposit_slip_AddedDateTime` timestamp NOT NULL DEFAULT CURRENT_TIMESTAMP,
  `cashDeposit_slip_AddedBy` int(12) NOT NULL,
  PRIMARY KEY (`cashDeposit_slip_Id`),
  KEY `cashDeposit_slip_ConductorEmpId` (`cashDeposit_slip_ConductorEmpId`),
  KEY `cashDeposit_slip_DriverEmpId` (`cashDeposit_slip_DriverEmpId`)
) ENGINE=InnoDB  DEFAULT CHARSET=latin1 AUTO_INCREMENT=7 ;

--
-- Dumping data for table `cashdeposit_slip`
--

INSERT INTO `cashdeposit_slip` (`cashDeposit_slip_Id`, `cashDeposit_slip_Number`, `cashDeposit_slip_ConductorEmpId`, `cashDeposit_slip_Date`, `cashDeposit_slip_DutyId`, `cashDeposit_slip_BusNumber`, `cashDeposit_slip_DriverEmpId`, `cashDeposit_slip_AddedDateTime`, `cashDeposit_slip_AddedBy`) VALUES
(6, 500069, 215, '2017-11-16', 2, 'MH05R-0438', 6, '2017-11-16 17:07:01', 1);

-- --------------------------------------------------------

--
-- Table structure for table `cashdeposit_slip_details`
--

CREATE TABLE IF NOT EXISTS `cashdeposit_slip_details` (
  `cashDeposit_slip_details_Id` int(12) NOT NULL AUTO_INCREMENT,
  `cashDeposit_slip_details_SlipId` int(12) NOT NULL,
  `cashDeposit_slip_details_TicketId` int(12) NOT NULL,
  `cashDeposit_slip_details_ticketSeries` bigint(20) DEFAULT NULL,
  `cashDeposit_slip_details_TicketStartSerial` bigint(20) DEFAULT NULL,
  `cashDeposit_slip_details_TicketEndSerial` bigint(20) DEFAULT NULL,
  `cashDeposit_slip_details_ActualTicketsSold` int(12) DEFAULT NULL,
  `cashDeposit_slip_details_CalculatedAmount` decimal(10,2) DEFAULT NULL,
  PRIMARY KEY (`cashDeposit_slip_details_Id`)
) ENGINE=InnoDB  DEFAULT CHARSET=latin1 AUTO_INCREMENT=52 ;

--
-- Dumping data for table `cashdeposit_slip_details`
--

INSERT INTO `cashdeposit_slip_details` (`cashDeposit_slip_details_Id`, `cashDeposit_slip_details_SlipId`, `cashDeposit_slip_details_TicketId`, `cashDeposit_slip_details_ticketSeries`, `cashDeposit_slip_details_TicketStartSerial`, `cashDeposit_slip_details_TicketEndSerial`, `cashDeposit_slip_details_ActualTicketsSold`, `cashDeposit_slip_details_CalculatedAmount`) VALUES
(1, 1, 1, 3, 494768, 494768, 0, '0.00'),
(2, 1, 2, 51, 499182, 499196, 14, '70.00'),
(3, 1, 3, 10, 734642, 734699, 58, '580.00'),
(4, 1, 3, 10, 734700, 734745, 45, '450.00'),
(5, 1, 4, 23, 968782, 968799, 18, '108.00'),
(6, 1, 4, 23, 980600, 980678, 78, '468.00'),
(7, 1, 5, 4, 522815, 522899, 85, '765.00'),
(8, 1, 5, 4, 522900, 522911, 11, '99.00'),
(9, 1, 6, 3, 79832, 79832, 0, '0.00'),
(28, 5, 1, 5, 123, 220, 96, '288.00'),
(29, 5, 2, 100, 152, 1222, 1069, '5345.00'),
(30, 5, 4, 1, 12, 32, 20, '120.00'),
(31, 5, 5, 11, 10, 20, 9, '81.00'),
(32, 5, 3, 1, 1, 12, 10, '100.00'),
(33, 5, 6, 0, 0, 0, 0, '0.00'),
(34, 6, 1, 3, 1000, 1999, 998, '2994.00'),
(35, 6, 2, 3, 1000, 1999, 998, '3992.00'),
(36, 6, 4, 3, 1000, 1999, 998, '4990.00'),
(37, 6, 3, 3, 1000, 1999, 998, '4990.00'),
(38, 6, 5, 3, 1000, 1999, 998, '5988.00'),
(39, 6, 6, 3, 1000, 1999, 998, '6986.00'),
(40, 6, 7, 3, 1000, 1999, 998, '7984.00'),
(41, 6, 8, 3, 1000, 1999, 998, '8982.00'),
(42, 6, 9, 3, 1000, 1999, 998, '9980.00'),
(43, 6, 10, 3, 1999, 1999, 0, '0.00'),
(44, 6, 11, 3, 1999, 1999, 0, '0.00'),
(45, 6, 12, 3, 1999, 1999, 0, '0.00'),
(46, 6, 13, 3, 1999, 1999, 0, '0.00'),
(47, 6, 14, 3, 1999, 1999, 0, '0.00'),
(48, 6, 15, 3, 1999, 1999, 0, '0.00'),
(49, 6, 16, 3, 1999, 1999, 0, '0.00'),
(50, 6, 17, 3, 1999, 1999, 0, '0.00'),
(51, 6, 18, 3, 1999, 1999, 0, '0.00');

-- --------------------------------------------------------

--
-- Table structure for table `conductor_daysslip`
--

CREATE TABLE IF NOT EXISTS `conductor_daysslip` (
  `conductor_daysSlip_Id` int(12) NOT NULL AUTO_INCREMENT,
  `conductor_daysSlip_ConductorEmpId` int(12) NOT NULL,
  `conductor_daysSlip_DutyId` int(12) NOT NULL,
  `conductor_daysSlip_BusNumber` int(12) NOT NULL,
  `conductor_daysSlip_DriveEmpId` int(12) NOT NULL,
  `conductor_daysslip_date` date NOT NULL,
  `conductor_daysSlip_AddedDateTime` timestamp NOT NULL DEFAULT CURRENT_TIMESTAMP,
  `conductor_daysSlip_AddedBy` int(12) NOT NULL,
  PRIMARY KEY (`conductor_daysSlip_Id`),
  KEY `conductor_daysSlip_ConductorEmpId` (`conductor_daysSlip_ConductorEmpId`),
  KEY `conductor_daysSlip_DriveEmpId` (`conductor_daysSlip_DriveEmpId`)
) ENGINE=InnoDB  DEFAULT CHARSET=latin1 AUTO_INCREMENT=4 ;

--
-- Dumping data for table `conductor_daysslip`
--

INSERT INTO `conductor_daysslip` (`conductor_daysSlip_Id`, `conductor_daysSlip_ConductorEmpId`, `conductor_daysSlip_DutyId`, `conductor_daysSlip_BusNumber`, `conductor_daysSlip_DriveEmpId`, `conductor_daysslip_date`, `conductor_daysSlip_AddedDateTime`, `conductor_daysSlip_AddedBy`) VALUES
(3, 215, 1, 0, 6, '2017-11-16', '2017-11-16 17:02:54', 1);

-- --------------------------------------------------------

--
-- Table structure for table `conductor_daysslip_details`
--

CREATE TABLE IF NOT EXISTS `conductor_daysslip_details` (
  `conductor_daysslip_details_Id` int(12) NOT NULL AUTO_INCREMENT,
  `conductor_daysslip_details_SlipId` int(12) NOT NULL,
  `conductor_daysslip_details_ActSourceTime` time NOT NULL,
  `conductor_daysslip_details_ActDestTime` time NOT NULL,
  `conductor_daysslip_details_ActualKm` decimal(8,3) NOT NULL,
  `conductor_daysslip_details_cancel` tinyint(1) NOT NULL DEFAULT '0',
  `conductor_daysslip_details_comments` varchar(250) DEFAULT NULL,
  PRIMARY KEY (`conductor_daysslip_details_Id`)
) ENGINE=InnoDB  DEFAULT CHARSET=latin1 AUTO_INCREMENT=9 ;

--
-- Dumping data for table `conductor_daysslip_details`
--

INSERT INTO `conductor_daysslip_details` (`conductor_daysslip_details_Id`, `conductor_daysslip_details_SlipId`, `conductor_daysslip_details_ActSourceTime`, `conductor_daysslip_details_ActDestTime`, `conductor_daysslip_details_ActualKm`, `conductor_daysslip_details_cancel`, `conductor_daysslip_details_comments`) VALUES
(2, 2, '00:00:00', '00:00:00', '0.000', 1, '12'),
(3, 3, '13:12:00', '02:24:00', '5.000', 0, ''),
(4, 3, '03:36:00', '09:36:00', '32.100', 0, ''),
(5, 3, '10:48:00', '03:36:00', '32.100', 0, ''),
(6, 3, '10:48:00', '06:00:00', '32.100', 0, ''),
(7, 3, '07:12:00', '02:24:00', '32.100', 0, ''),
(8, 3, '03:36:00', '07:12:00', '5.000', 0, '');

-- --------------------------------------------------------

--
-- Table structure for table `employees`
--

CREATE TABLE IF NOT EXISTS `employees` (
  `Employee_Id` int(12) NOT NULL AUTO_INCREMENT,
  `Employee_Number` bigint(20) NOT NULL,
  `Employee_Type` tinyint(1) NOT NULL,
  `Employee_Name` varchar(250) NOT NULL,
  `Employee_Status` tinyint(1) NOT NULL,
  `Employee_AddedDate` timestamp NOT NULL DEFAULT CURRENT_TIMESTAMP,
  PRIMARY KEY (`Employee_Id`)
) ENGINE=InnoDB  DEFAULT CHARSET=latin1 AUTO_INCREMENT=473 ;

--
-- Dumping data for table `employees`
--

INSERT INTO `employees` (`Employee_Id`, `Employee_Number`, `Employee_Type`, `Employee_Name`, `Employee_Status`, `Employee_AddedDate`) VALUES
(1, 3002, 0, 'BHAUSAHEB MARUTI AHERKAR', 1, '2017-11-15 18:30:00'),
(2, 3003, 0, 'VIJAY SHANTARAM PASHTE', 1, '2017-11-15 18:30:00'),
(3, 3004, 0, 'SHIVAJI TULSHIRAM PAWAR', 1, '2017-11-15 18:30:00'),
(4, 3005, 0, 'RAJENDRA RAMCHANDRA PATKAR', 1, '2017-11-15 18:30:00'),
(5, 3006, 0, 'NARESH MOTIRAM DEHERKAR', 1, '2017-11-15 18:30:00'),
(6, 3007, 0, 'SHIVAJI NARAYAN DHATRAK', 1, '2017-11-15 18:30:00'),
(7, 3008, 0, 'NARYAN BABURAO MASKE', 1, '2017-11-15 18:30:00'),
(8, 3009, 0, 'SANDEEP NANDKUMAR PAREKAR', 1, '2017-11-15 18:30:00'),
(9, 3010, 0, 'MARUTI BABU MHATRE', 1, '2017-11-15 18:30:00'),
(10, 3012, 0, 'BHAU ABAJIRAO GHOLAP', 1, '2017-11-15 18:30:00'),
(11, 3013, 0, 'SHALIK KANHA TAWARE', 1, '2017-11-15 18:30:00'),
(12, 3014, 0, 'JALINDHAR KISHANRAO MASURE', 1, '2017-11-15 18:30:00'),
(13, 3015, 0, 'NARENDRA TULSHIRAM PAWAR', 1, '2017-11-15 18:30:00'),
(14, 3016, 0, 'VILAS KASHINATH SHELAR', 1, '2017-11-15 18:30:00'),
(15, 3017, 0, 'ROKADESHWAR BHAGAJI KAMBLE', 1, '2017-11-15 18:30:00'),
(16, 3019, 0, 'VIJAY DAGDU PATIL', 1, '2017-11-15 18:30:00'),
(17, 3020, 0, 'SALIM JENULABDIN PEERJADE', 1, '2017-11-15 18:30:00'),
(18, 3021, 0, 'NASIR IDREES SHAIKH', 1, '2017-11-15 18:30:00'),
(19, 3022, 0, 'KARNA BHGWATH GHORPDE', 1, '2017-11-15 18:30:00'),
(20, 3024, 0, 'RAOSAHEB SUKHDEV SHINDE', 1, '2017-11-15 18:30:00'),
(21, 3025, 0, 'BHASKAR DHARMA MANJERE', 1, '2017-11-15 18:30:00'),
(22, 3027, 0, 'KISAN BAPPU HANDORE', 1, '2017-11-15 18:30:00'),
(23, 3028, 0, 'BHASKAR BALKRISHNA KATHORE', 1, '2017-11-15 18:30:00'),
(24, 3029, 0, 'RAVINDRA HARI KOLAMBE', 1, '2017-11-15 18:30:00'),
(25, 3030, 0, 'BHAGWAN SHRIRAM DEVHADE', 1, '2017-11-15 18:30:00'),
(26, 3031, 0, 'VILAS BHAURAO TALWARE', 1, '2017-11-15 18:30:00'),
(27, 3032, 0, 'MOHAN BAPU BADEKAR', 1, '2017-11-15 18:30:00'),
(28, 3033, 0, 'VISHNU KARBHARI AVAHAD', 1, '2017-11-15 18:30:00'),
(29, 3034, 0, 'RAJESH VESTA RATHOD', 1, '2017-11-15 18:30:00'),
(30, 3035, 0, 'SANTOSH UTTAM BAGUL', 1, '2017-11-15 18:30:00'),
(31, 3037, 0, 'ARUN TOTARAM AHIRE', 1, '2017-11-15 18:30:00'),
(32, 3038, 0, 'MUKESH VIKRAM VARPE', 1, '2017-11-15 18:30:00'),
(33, 3039, 0, 'MOHAN BHIMRAO KHURANGALE', 1, '2017-11-15 18:30:00'),
(34, 3040, 0, 'ASHOK LXMAN BARAF', 1, '2017-11-15 18:30:00'),
(35, 3041, 0, 'TANAJI KRISHNA KAKADE', 1, '2017-11-15 18:30:00'),
(36, 3042, 0, 'SHIVAJI SHANKAR HONDE', 1, '2017-11-15 18:30:00'),
(37, 3043, 0, 'ASHOK SAVLARAM SANGLE', 1, '2017-11-15 18:30:00'),
(38, 3045, 0, 'BHAGWAN MURLIDHAR PATANKAR', 1, '2017-11-15 18:30:00'),
(39, 3046, 0, 'BALU GORAKH KALE', 1, '2017-11-15 18:30:00'),
(40, 3047, 0, 'DATTATRYA DEVIDAS VEDPATHAK', 1, '2017-11-15 18:30:00'),
(41, 3048, 0, 'BHAU SHANKAR VISHE', 1, '2017-11-15 18:30:00'),
(42, 3049, 0, 'DEVIDAS RAMCHANDRA JADHAV', 1, '2017-11-15 18:30:00'),
(43, 3051, 0, 'SANDEEP NAMDEO PATIL', 1, '2017-11-15 18:30:00'),
(44, 3052, 0, 'ASHOK VISHNU MADHAVI', 1, '2017-11-15 18:30:00'),
(45, 3053, 0, 'MUKUND DATTATRAY ALANE', 1, '2017-11-15 18:30:00'),
(46, 3054, 0, 'PRAKASH SHRIPAT PATIL', 1, '2017-11-15 18:30:00'),
(47, 3056, 0, 'MAHESH LXMAN PATHARI', 1, '2017-11-15 18:30:00'),
(48, 3057, 0, 'SANTOSH VITTHAL GUJRE', 1, '2017-11-15 18:30:00'),
(49, 3058, 0, 'ANIL KANHU BHOIR', 1, '2017-11-15 18:30:00'),
(50, 3059, 0, 'DEEPAK KASHINATH PATIL', 1, '2017-11-15 18:30:00'),
(51, 3060, 0, 'SUDHAKAR BHASKAR PATIL', 1, '2017-11-15 18:30:00'),
(52, 3061, 0, 'ANANT BALKRISHNA SANT', 1, '2017-11-15 18:30:00'),
(53, 3062, 0, 'DHANAJI GANPAT BHOR', 1, '2017-11-15 18:30:00'),
(54, 3063, 0, 'DINKAR VITTHAL PAWAR', 1, '2017-11-15 18:30:00'),
(55, 3064, 0, 'GANESH GHANSHYAM SINGH', 1, '2017-11-15 18:30:00'),
(56, 3065, 0, 'MOHMAD IRFAN YASIN SHAIKH', 1, '2017-11-15 18:30:00'),
(57, 3066, 0, 'NARAYAN CHANDRAKANT RANE', 1, '2017-11-15 18:30:00'),
(58, 3068, 0, 'SANTOSH BABAN KADAM', 1, '2017-11-15 18:30:00'),
(59, 3069, 0, 'HEMANT DINKAR GAVHANE', 1, '2017-11-15 18:30:00'),
(60, 3070, 0, 'ROBIN FRANSIS GAIKWAD', 1, '2017-11-15 18:30:00'),
(61, 3071, 0, 'RIDVAN DADAMIYA SHAIKH', 1, '2017-11-15 18:30:00'),
(62, 3072, 0, 'DILIP BABURAO BADHE', 1, '2017-11-15 18:30:00'),
(63, 3073, 0, 'SANJAY YASWANT BAGRAO', 1, '2017-11-15 18:30:00'),
(64, 3075, 0, 'CHANDRASHEKHAR BHAU PATIL', 1, '2017-11-15 18:30:00'),
(65, 3076, 0, 'SUBHASH KONDAJI JADHAV', 1, '2017-11-15 18:30:00'),
(66, 3077, 0, 'JAGANATH DINKAR PEKHALE', 1, '2017-11-15 18:30:00'),
(67, 3078, 0, 'SUKHDEV HARIHAR KASHYAP', 1, '2017-11-15 18:30:00'),
(68, 3079, 0, 'BALASAHEB DHONDI ERANDE', 1, '2017-11-15 18:30:00'),
(69, 3080, 0, 'MADHUKAR PANDURANG POL', 1, '2017-11-15 18:30:00'),
(70, 3081, 0, 'SAIFUDDIN ALIYODDIN SHAIKH', 1, '2017-11-15 18:30:00'),
(71, 3082, 0, 'VIJAY KISANRAO KARANDE', 1, '2017-11-15 18:30:00'),
(72, 3083, 0, 'MAHESH PRABHAKAR MATKAR', 1, '2017-11-15 18:30:00'),
(73, 3084, 0, 'DINKAR SHANKAR DUPTE', 1, '2017-11-15 18:30:00'),
(74, 3085, 0, 'SANDEEP SHANTARAM AMBEKAR', 1, '2017-11-15 18:30:00'),
(75, 3086, 0, 'DADABHAU PRABHAU SHINDE', 1, '2017-11-15 18:30:00'),
(76, 3087, 0, 'BHAGWAN RAJARAM GUNJAL', 1, '2017-11-15 18:30:00'),
(77, 3088, 0, 'DWARKANTH WAMAN YASHWANTRAO', 1, '2017-11-15 18:30:00'),
(78, 3089, 0, 'PUNA DHULA PATIL', 1, '2017-11-15 18:30:00'),
(79, 3090, 0, 'RAJARAM GOPAL THANGE', 1, '2017-11-15 18:30:00'),
(80, 3091, 0, 'SURESH NARAYAN MADNE', 1, '2017-11-15 18:30:00'),
(81, 3092, 0, 'SAMPAT DAJIBA BUCHKUL', 1, '2017-11-15 18:30:00'),
(82, 3095, 0, 'NARESH MOHAN SAWANT', 1, '2017-11-15 18:30:00'),
(83, 3096, 0, 'ANIL PANDURANG NALAWADE', 1, '2017-11-15 18:30:00'),
(84, 3098, 0, 'RAMESH SUKARYA DAGARE', 1, '2017-11-15 18:30:00'),
(85, 3099, 0, 'JAGDISH GORAKH MARATHE', 1, '2017-11-15 18:30:00'),
(86, 3100, 0, 'AVTARSINGH HARBJANSING BANWATE', 1, '2017-11-15 18:30:00'),
(87, 3101, 0, 'VASUDEV PANDURANG BHANDARI', 1, '2017-11-15 18:30:00'),
(88, 3102, 0, 'SACHIN GAJANAN VIDWANS', 1, '2017-11-15 18:30:00'),
(89, 3103, 0, 'VILAS JAGANNATH MAHAJAN', 1, '2017-11-15 18:30:00'),
(90, 3104, 0, 'ARUN GOVIND MARATHE', 1, '2017-11-15 18:30:00'),
(91, 3105, 0, 'SUNIL SURESH NAIK', 1, '2017-11-15 18:30:00'),
(92, 3106, 0, 'MAHENDRA RAGUNATH DARADE', 1, '2017-11-15 18:30:00'),
(93, 3107, 0, 'SAGAR GAJANAN VIDWANS', 1, '2017-11-15 18:30:00'),
(94, 3108, 0, 'RAMCHANDRA NANA PAWAR', 1, '2017-11-15 18:30:00'),
(95, 3109, 0, 'MADHAV BHIMRAO SURYAVANSHI', 1, '2017-11-15 18:30:00'),
(96, 3110, 0, 'ANIL RAJARAM PATHARI', 1, '2017-11-15 18:30:00'),
(97, 3111, 0, 'NAVDEEP CHAGAN SHINDE', 1, '2017-11-15 18:30:00'),
(98, 3113, 0, 'ANIL GANGARAM DEVRUKHAKAR', 1, '2017-11-15 18:30:00'),
(99, 3114, 0, 'DEVAPPA NIVRUTI PAWAR', 1, '2017-11-15 18:30:00'),
(100, 3115, 0, 'ANNASAHEB MAHADEV JAYBHAYE', 1, '2017-11-15 18:30:00'),
(101, 3116, 0, 'RAMESH GOVIND WARE', 1, '2017-11-15 18:30:00'),
(102, 3117, 0, 'PRAKASH SHANTARAM DARANE', 1, '2017-11-15 18:30:00'),
(103, 3118, 0, 'PANDURANG RAGHO DARODA', 1, '2017-11-15 18:30:00'),
(104, 3120, 0, 'LAHU NATHARAO KAILE', 1, '2017-11-15 18:30:00'),
(105, 3121, 0, 'VILAS SAJAN KUTHADE', 1, '2017-11-15 18:30:00'),
(106, 3122, 0, 'BAHART NARAYAN CHOUDHARY', 1, '2017-11-15 18:30:00'),
(107, 3123, 0, 'SHRAVAN DASHRATH PATIL', 1, '2017-11-15 18:30:00'),
(108, 3124, 0, 'MAHESH RAMCHANDRA JAIN', 1, '2017-11-15 18:30:00'),
(109, 3126, 0, 'RAMCHANDRA MAHADEV MAHADIK', 1, '2017-11-15 18:30:00'),
(110, 3127, 0, 'BHIKANRAO PANDURANG DESHMUKH', 1, '2017-11-15 18:30:00'),
(111, 3128, 0, 'SANJAY SAHEBRAO NIKAM', 1, '2017-11-15 18:30:00'),
(112, 3129, 0, 'RAMDAS BABA PUJARI', 1, '2017-11-15 18:30:00'),
(113, 3130, 0, 'PRATAP GOVIND PATIL', 1, '2017-11-15 18:30:00'),
(114, 3131, 0, 'SANTOSH DHARMAJI PATIL', 1, '2017-11-15 18:30:00'),
(115, 3133, 0, 'RAJENDRA MAHADU TALELE', 1, '2017-11-15 18:30:00'),
(116, 3134, 0, 'RAVINDRA SUDHAM GALAVE', 1, '2017-11-15 18:30:00'),
(117, 3137, 0, 'PANKAJ SHARAD DAKVE', 1, '2017-11-15 18:30:00'),
(118, 3138, 0, 'BABAJI SURYABHAN SHINDE', 1, '2017-11-15 18:30:00'),
(119, 3140, 0, 'BABAJI DAULAT YASHWANTRAO', 1, '2017-11-15 18:30:00'),
(120, 3141, 0, 'PRAKASH DHONDU PATIL', 1, '2017-11-15 18:30:00'),
(121, 3142, 0, 'YUNUS GANI SHAIKH', 1, '2017-11-15 18:30:00'),
(122, 3143, 0, 'RAVINDRA BALKRISHNA NIKAM', 1, '2017-11-15 18:30:00'),
(123, 3144, 0, 'VILAS GOVIND MANE', 1, '2017-11-15 18:30:00'),
(124, 3146, 0, 'DILIP KISAN NEHERKAR', 1, '2017-11-15 18:30:00'),
(125, 3147, 0, 'VINOD VISHWANATH WAREKAR', 1, '2017-11-15 18:30:00'),
(126, 3148, 0, 'NIVRUTI ATMARAM PATIL', 1, '2017-11-15 18:30:00'),
(127, 3150, 0, 'SURESH SUKHDEV JADHAV', 1, '2017-11-15 18:30:00'),
(128, 3151, 0, 'SURESH DAMODAR SHINGOTE', 1, '2017-11-15 18:30:00'),
(129, 3153, 0, 'VASANT HANUMANT SHINGOTE', 1, '2017-11-15 18:30:00'),
(130, 3154, 0, 'RAVINDRA TUKARAM NICHITE', 1, '2017-11-15 18:30:00'),
(131, 3156, 0, 'DEEPAK PRABHAT PAWAR', 1, '2017-11-15 18:30:00'),
(132, 3157, 0, 'DEVIDAS JAGNATH SHINDE', 1, '2017-11-15 18:30:00'),
(133, 3158, 0, 'SUDHIR JANARDHAN DHANVE', 1, '2017-11-15 18:30:00'),
(134, 3159, 0, 'YADAV BALIRAM KAMBLE', 1, '2017-11-15 18:30:00'),
(135, 3160, 0, 'JAMIR SHAKIR SHAIKH', 1, '2017-11-15 18:30:00'),
(136, 3161, 0, 'RAMESH NARAYAN NARE', 1, '2017-11-15 18:30:00'),
(137, 3162, 0, 'DILIP TUKARAM YASHWANTRAO', 1, '2017-11-15 18:30:00'),
(138, 3163, 0, 'BALU MANIK MANE', 1, '2017-11-15 18:30:00'),
(139, 3164, 0, 'KAILAS MAHADU DALVI', 1, '2017-11-15 18:30:00'),
(140, 3166, 0, 'RAJENDRA SHANTARAM PATHARI', 1, '2017-11-15 18:30:00'),
(141, 3168, 0, 'ASHOK BABAN GHUDE', 1, '2017-11-15 18:30:00'),
(142, 3169, 0, 'GAJANAN SHANKAR NALE', 1, '2017-11-15 18:30:00'),
(143, 3171, 0, 'DHARMENDRA DINKAR JADHAV', 1, '2017-11-15 18:30:00'),
(144, 3172, 0, 'BHARAT TOTARAM AHIRE', 1, '2017-11-15 18:30:00'),
(145, 3173, 0, 'DILIP SHANKAR PADWAL', 1, '2017-11-15 18:30:00'),
(146, 3174, 0, 'MARUTI MURLIDHAR MANE', 1, '2017-11-15 18:30:00'),
(147, 3176, 0, 'ASHOK RAGHUNATH BAMANKAR', 1, '2017-11-15 18:30:00'),
(148, 3177, 0, 'VASANT KASHINATH THAKRE', 1, '2017-11-15 18:30:00'),
(149, 3178, 0, 'JANARDHAN KUNDALIK KAMBLE', 1, '2017-11-15 18:30:00'),
(150, 3179, 0, 'MAHESH RATNAKAR PASARE', 1, '2017-11-15 18:30:00'),
(151, 3180, 0, 'NABI EBRAHIM SAYYAD', 1, '2017-11-15 18:30:00'),
(152, 3182, 0, 'DYNANDEV TUKARAM MHASKE', 1, '2017-11-15 18:30:00'),
(153, 3183, 0, 'ARMANALI ROSHANALI SAYYAD', 1, '2017-11-15 18:30:00'),
(154, 3185, 0, 'VIJAY MANHOAR HALDANKAR', 1, '2017-11-15 18:30:00'),
(155, 3186, 0, 'GOVIND RAGHOBA PALAVE', 1, '2017-11-15 18:30:00'),
(156, 3187, 0, 'BHIMRAO PARSAPPA KAMBLE', 1, '2017-11-15 18:30:00'),
(157, 3188, 0, 'SHANKAR BHIMAJI MULE', 1, '2017-11-15 18:30:00'),
(158, 3189, 0, 'MAHADEV GOVINDRAO GARJE', 1, '2017-11-15 18:30:00'),
(159, 3191, 0, 'VILAS DEVAJI BHAGAT', 1, '2017-11-15 18:30:00'),
(160, 3193, 0, 'SHANTARAM DEVRAM ZAWARE', 1, '2017-11-15 18:30:00'),
(161, 3194, 0, 'RAJENDRA KRISHNA UMARATKAR', 1, '2017-11-15 18:30:00'),
(162, 3195, 0, 'SUBHASH SHAYMSHANKAR SONAR', 1, '2017-11-15 18:30:00'),
(163, 3196, 0, 'ASHOK ATMARAM PAWAR', 1, '2017-11-15 18:30:00'),
(164, 3197, 0, 'PRAVIN BAJABHAU HINGE', 1, '2017-11-15 18:30:00'),
(165, 3198, 0, 'DATTATRYA PANDURANG NAVALE', 1, '2017-11-15 18:30:00'),
(166, 3200, 0, 'SADANAND VITTHAL PATIL', 1, '2017-11-15 18:30:00'),
(167, 3201, 0, 'SOPAN LAXMAN JADHAV', 1, '2017-11-15 18:30:00'),
(168, 3202, 0, 'MAJAZ MUSHTAQUE FANGARI', 1, '2017-11-15 18:30:00'),
(169, 3203, 0, 'DILIP RATAN GITE', 1, '2017-11-15 18:30:00'),
(170, 3204, 0, 'ASHOK SHIVRAM ADSULE', 1, '2017-11-15 18:30:00'),
(171, 3205, 0, 'DHONDU VIKRAM BORSE', 1, '2017-11-15 18:30:00'),
(172, 3206, 0, 'KIRAN KISHAN NAMADE', 1, '2017-11-15 18:30:00'),
(173, 3207, 0, 'MAHADEV DATTU BUDHWANT', 1, '2017-11-15 18:30:00'),
(174, 3208, 0, 'SANJAY BHANDUAS WARE', 1, '2017-11-15 18:30:00'),
(175, 3209, 0, 'JITENDRA JAGARDEV YADAV', 1, '2017-11-15 18:30:00'),
(176, 3210, 0, 'SANDEEP LAXMAN SHINDE', 1, '2017-11-15 18:30:00'),
(177, 3211, 0, 'RAMESH BHIVAJI PAWAR', 1, '2017-11-15 18:30:00'),
(178, 3213, 0, 'RAMCHANDRA MAHADEV GAWADE', 1, '2017-11-15 18:30:00'),
(179, 3214, 0, 'KERBA DEVRAM DHARMODE', 1, '2017-11-15 18:30:00'),
(180, 3215, 0, 'DATTATRAY LIMBAJI SHIRSAT', 1, '2017-11-15 18:30:00'),
(181, 3216, 0, 'ZAHUR AHEMADHUSIAN SHAIKH', 1, '2017-11-15 18:30:00'),
(182, 3217, 0, 'VINOD MARUTI MANDLIK', 1, '2017-11-15 18:30:00'),
(183, 3218, 0, 'BABAJI RANGNATH PALVE', 1, '2017-11-15 18:30:00'),
(184, 3219, 0, 'LAXMAN BABAB HUMANE', 1, '2017-11-15 18:30:00'),
(185, 3221, 0, 'SHIVAJI RAMU KARAD', 1, '2017-11-15 18:30:00'),
(186, 3222, 0, 'RAGHUNATH ANURUDH JADHAV', 1, '2017-11-15 18:30:00'),
(187, 3223, 0, 'ALIAKTHAR SHAHMOHMAD', 1, '2017-11-15 18:30:00'),
(188, 3224, 0, 'DATTATARY TUKARAM MANE', 1, '2017-11-15 18:30:00'),
(189, 3226, 0, 'VILAS SURESH BHOLE', 1, '2017-11-15 18:30:00'),
(190, 3228, 0, 'RAGHUNATH BABU KENE', 1, '2017-11-15 18:30:00'),
(191, 3230, 0, 'GAJANAN PRAHLAD RATHOD', 1, '2017-11-15 18:30:00'),
(192, 3231, 0, 'SAHEBRAO RAMCHANDRA KANKAL', 1, '2017-11-15 18:30:00'),
(193, 3233, 0, 'ANANDA MALHARI BODKE', 1, '2017-11-15 18:30:00'),
(194, 3234, 0, 'ANIL ANANDRAO PAWAR', 1, '2017-11-15 18:30:00'),
(195, 3236, 0, 'SITARAM GULAB JADHAV', 1, '2017-11-15 18:30:00'),
(196, 3237, 0, 'SANJAY RAGHUNATH KOTWAL', 1, '2017-11-15 18:30:00'),
(197, 3238, 0, 'DHARMANATH KARBHARI AVHAD', 1, '2017-11-15 18:30:00'),
(198, 3239, 0, 'BHIKA NAMDEV TARPADE', 1, '2017-11-15 18:30:00'),
(199, 3240, 0, 'SADASHIV SHANKAR RACHHA', 1, '2017-11-15 18:30:00'),
(200, 3241, 0, 'SHYAM RAMCHANDRA SABALE', 1, '2017-11-15 18:30:00'),
(201, 3243, 0, 'SURESH BABU BHALERAO', 1, '2017-11-15 18:30:00'),
(202, 3244, 0, 'RAMU LAXMAN KORE', 1, '2017-11-15 18:30:00'),
(203, 3247, 0, 'SARMUKH JAYRAM DHODI', 1, '2017-11-15 18:30:00'),
(204, 3249, 0, 'VASANT JIVA DIGHA', 1, '2017-11-15 18:30:00'),
(205, 3254, 0, 'VISHNU NAVSU MANKAR', 1, '2017-11-15 18:30:00'),
(206, 3256, 0, 'RAVINDRA DATTATRAY GAIKWAD', 1, '2017-11-15 18:30:00'),
(207, 3257, 0, 'SHANTARAM NATHU NIKUMBH', 1, '2017-11-15 18:30:00'),
(208, 3260, 0, 'MARUTI BAPU KHANDEKAR', 1, '2017-11-15 18:30:00'),
(209, 3261, 0, 'ANIL WAMAN AHIRE', 1, '2017-11-15 18:30:00'),
(210, 3262, 0, 'SITARAM RAMU GHEGAD', 1, '2017-11-15 18:30:00'),
(211, 3266, 0, 'RAGHUNATH NAMA SABARE', 1, '2017-11-15 18:30:00'),
(212, 3267, 0, 'PANDURANG RAVAJI SUTAR', 1, '2017-11-15 18:30:00'),
(213, 3268, 0, 'BHAURAO DEVRAM THOMBARE', 1, '2017-11-15 18:30:00'),
(214, 3269, 0, 'GAJANAN LALSING CHAVAN', 1, '2017-11-15 18:30:00'),
(215, 5001, 1, 'ASHOK KRISHNA BHUSARE', 1, '2017-11-15 18:30:00'),
(216, 5002, 1, 'SANJAY GANPAT CHAVAN', 1, '2017-11-15 18:30:00'),
(217, 5003, 1, 'GORAKH LAXMAN PURI', 1, '2017-11-15 18:30:00'),
(218, 5004, 1, 'RAVINDRA CHINTAMAN CHOUDHARY', 1, '2017-11-15 18:30:00'),
(219, 5005, 1, 'RAMESH BHIMSING JADHAV', 1, '2017-11-15 18:30:00'),
(220, 5007, 1, 'DATTATRYA KASHINATH GAIKWAD', 1, '2017-11-15 18:30:00'),
(221, 5008, 1, 'VINOD TULSHIRAM SURYAVANSHI', 1, '2017-11-15 18:30:00'),
(222, 5009, 1, 'PRAVIN MAHADEV JOSHI', 1, '2017-11-15 18:30:00'),
(223, 5010, 1, 'SANJAY DASHARATH ANDHALE', 1, '2017-11-15 18:30:00'),
(224, 5012, 1, 'SAHEBRAO TATYABA CHAVAN', 1, '2017-11-15 18:30:00'),
(225, 5013, 1, 'KRISHNA NARAYAN TAKLE', 1, '2017-11-15 18:30:00'),
(226, 5014, 1, 'SHANTARAM VIKRAM PARDESHI', 1, '2017-11-15 18:30:00'),
(227, 5015, 1, 'SANTOSH KISAN SANAP', 1, '2017-11-15 18:30:00'),
(228, 5016, 1, 'SUNIL GOVIND CHOUDHARY', 1, '2017-11-15 18:30:00'),
(229, 5018, 1, 'PANKAJ SINGA PADAVI', 1, '2017-11-15 18:30:00'),
(230, 5019, 1, 'SANDEEP SURESH PENKAR', 1, '2017-11-15 18:30:00'),
(231, 5020, 1, 'PRAMOD VISHWANATH TAYDE', 1, '2017-11-15 18:30:00'),
(232, 5021, 1, 'JAWAHARLAL RAISING CHAVAN', 1, '2017-11-15 18:30:00'),
(233, 5022, 1, 'RAJESH SUDHAKAR MOHITE', 1, '2017-11-15 18:30:00'),
(234, 5023, 1, 'PRAVIN JAMBU MANE', 1, '2017-11-15 18:30:00'),
(235, 5024, 1, 'ARAVIND VISHRAM TAMBE', 1, '2017-11-15 18:30:00'),
(236, 5026, 1, 'RAJESH ASHOK PADWAL', 1, '2017-11-15 18:30:00'),
(237, 5027, 1, 'MANOJ CHANDRAKANT VISHWASE', 1, '2017-11-15 18:30:00'),
(238, 5028, 1, 'BALASHAEB DHONDIBA NARUTE', 1, '2017-11-15 18:30:00'),
(239, 5029, 1, 'SHIRDHAR VENKTRAO ALAPURE', 1, '2017-11-15 18:30:00'),
(240, 5030, 1, 'KESHAV DATTATRAY BIRARI', 1, '2017-11-15 18:30:00'),
(241, 5032, 1, 'RAJENDRA RAMCHANDRA DINKAR', 1, '2017-11-15 18:30:00'),
(242, 5034, 1, 'JAGDISH SUDHAKAR BHARSAT', 1, '2017-11-15 18:30:00'),
(243, 5035, 1, 'KAILAS KASHINATH NIPURTE', 1, '2017-11-15 18:30:00'),
(244, 5036, 1, 'PRALHAD CHINDHA CHOUDHARY', 1, '2017-11-15 18:30:00'),
(245, 5037, 1, 'PRAVIN RAGHUNATH DESHMUKH', 1, '2017-11-15 18:30:00'),
(246, 5038, 1, 'NIVRUTTI MURLIDHAR BODAKE', 1, '2017-11-15 18:30:00'),
(247, 5039, 1, 'PRADEEP DINKAR SHERKAR', 1, '2017-11-15 18:30:00'),
(248, 5041, 1, 'KISHOR RAMJI DHEKAN', 1, '2017-11-15 18:30:00'),
(249, 5042, 1, 'JAYWANT KRISHNA PATIL', 1, '2017-11-15 18:30:00'),
(250, 5043, 1, 'BAPU SARJERAO KESKAR', 1, '2017-11-15 18:30:00'),
(251, 5044, 1, 'BHASKAR RAMNATH VISALKAR', 1, '2017-11-15 18:30:00'),
(252, 5045, 1, 'SHARAD NIVRUTTI KIRDAK', 1, '2017-11-15 18:30:00'),
(253, 5046, 1, 'VILAS SOMA DARODA', 1, '2017-11-15 18:30:00'),
(254, 5047, 1, 'DEVENDRA SHANKAR PARAB', 1, '2017-11-15 18:30:00'),
(255, 5048, 1, 'KIRAN MURLIDHAR SAPKALE', 1, '2017-11-15 18:30:00'),
(256, 5049, 1, 'VILAS PANTU CHIMTE', 1, '2017-11-15 18:30:00'),
(257, 5050, 1, 'VINOD TUKARAM MANE', 1, '2017-11-15 18:30:00'),
(258, 5051, 1, 'SUBHASH GAJANAN GAIKWAD', 1, '2017-11-15 18:30:00'),
(259, 5052, 1, 'AJAY RAGHUNATH MHATRE', 1, '2017-11-15 18:30:00'),
(260, 5053, 1, 'YOGESH NIVRUTTI WALUNJ', 1, '2017-11-15 18:30:00'),
(261, 5054, 1, 'DILIP JOTIRAM AVAKIRE', 1, '2017-11-15 18:30:00'),
(262, 5056, 1, 'RAJENDRA BABAN SHELKE', 1, '2017-11-15 18:30:00'),
(263, 5057, 1, 'VIJAY NAGNATH SHINDE', 1, '2017-11-15 18:30:00'),
(264, 5058, 1, 'SANTOSH DEVIDAS PATIL', 1, '2017-11-15 18:30:00'),
(265, 5059, 1, 'HEMANT CHIMA SHID', 1, '2017-11-15 18:30:00'),
(266, 5060, 1, 'SHRIRANG SAKHARAM SHELKE', 1, '2017-11-15 18:30:00'),
(267, 5061, 1, 'SANDEEP JANU BHOIR', 1, '2017-11-15 18:30:00'),
(268, 5062, 1, 'SANJAY MANOHAR JADHAV', 1, '2017-11-15 18:30:00'),
(269, 5063, 1, 'JEETENDRA CHHAGAN BADGUJAR', 1, '2017-11-15 18:30:00'),
(270, 5065, 1, 'SURESH LAXMAN GAWADE', 1, '2017-11-15 18:30:00'),
(271, 5066, 1, 'PRAKASH ARJUN KHULPE', 1, '2017-11-15 18:30:00'),
(272, 5067, 1, 'SANTOSH EKNATH KADAM', 1, '2017-11-15 18:30:00'),
(273, 5068, 1, 'MANGESH TUKARAM SALVI', 1, '2017-11-15 18:30:00'),
(274, 5069, 1, 'SUDHAKAR KALURAM RODGE', 1, '2017-11-15 18:30:00'),
(275, 5070, 1, 'BALU SUKHDEV AVHAD', 1, '2017-11-15 18:30:00'),
(276, 5071, 1, 'ANIL NIMBA SURYAVANSHI', 1, '2017-11-15 18:30:00'),
(277, 5072, 1, 'RAJU BHIMDEV HULWAN', 1, '2017-11-15 18:30:00'),
(278, 5073, 1, 'BHGAWAN DUNDARAM GAIKWAD', 1, '2017-11-15 18:30:00'),
(279, 5074, 1, 'ASHOK CHANDRABHAN TUPE', 1, '2017-11-15 18:30:00'),
(280, 5075, 1, 'DINKAR JANARDHAN BIRMOLE', 1, '2017-11-15 18:30:00'),
(281, 5077, 1, 'MACHINDRA SABAJI KANSE', 1, '2017-11-15 18:30:00'),
(282, 5078, 1, 'NARENDRA DIPCHAND VADHE', 1, '2017-11-15 18:30:00'),
(283, 5079, 1, 'SANTOSH GULAB SHEDGE', 1, '2017-11-15 18:30:00'),
(284, 5080, 1, 'ANIL KRISHNA CHOUDHARY', 1, '2017-11-15 18:30:00'),
(285, 5081, 1, 'SACHIN GULAB HALPATRAO', 1, '2017-11-15 18:30:00'),
(286, 5082, 1, 'SANJAY LAHANU PAWAR', 1, '2017-11-15 18:30:00'),
(287, 5083, 1, 'SANJAY RAMCHANDRA SAWANT', 1, '2017-11-15 18:30:00'),
(288, 5084, 1, 'RAMAN TANAJI BHOYE', 1, '2017-11-15 18:30:00'),
(289, 5085, 1, 'MANOJ PRABHAKAR POTDAR', 1, '2017-11-15 18:30:00'),
(290, 5086, 1, 'GANGARAM RAMCHANDRA PAWAR', 1, '2017-11-15 18:30:00'),
(291, 5087, 1, 'MAHESH GOVIND BHANDARE', 1, '2017-11-15 18:30:00'),
(292, 5088, 1, 'SURYAKANT CHANDRAPPA PATIL', 1, '2017-11-15 18:30:00'),
(293, 5089, 1, 'MADHAV DADA GOSAVI', 1, '2017-11-15 18:30:00'),
(294, 5090, 1, 'NETAJI VASUDEV PATIL', 1, '2017-11-15 18:30:00'),
(295, 5091, 1, 'SAHEBRAO UDYABHAN ZANKE', 1, '2017-11-15 18:30:00'),
(296, 5092, 1, 'JAYRAM LALU RATHOD', 1, '2017-11-15 18:30:00'),
(297, 5093, 1, 'GORKHNATH SHIVRAM GOSAVI', 1, '2017-11-15 18:30:00'),
(298, 5094, 1, 'KAILAS PREMSING CHAVAN', 1, '2017-11-15 18:30:00'),
(299, 5096, 1, 'MOHAN DATTATRAY KANHAT', 1, '2017-11-15 18:30:00'),
(300, 5097, 1, 'DAGDU BABURAO SHELKE', 1, '2017-11-15 18:30:00'),
(301, 5098, 1, 'BHANUDAS RAJARAM YADAV', 1, '2017-11-15 18:30:00'),
(302, 5099, 1, 'RAGUNATH SHIVAJI KANDE', 1, '2017-11-15 18:30:00'),
(303, 5100, 1, 'SANTOSHKUMAR PARSHURAM HERODE', 1, '2017-11-15 18:30:00'),
(304, 5101, 1, 'KIRAN VITTHAL AROTE', 1, '2017-11-15 18:30:00'),
(305, 5102, 1, 'AJAY VINAYAK PATIL', 1, '2017-11-15 18:30:00'),
(306, 5103, 1, 'YASHWANT SAMADHAN BORLE', 1, '2017-11-15 18:30:00'),
(307, 5104, 1, 'BALU NIVRUTTI PAGAR', 1, '2017-11-15 18:30:00'),
(308, 5105, 1, 'CHANDRAKANT EKNATH JADHAV', 1, '2017-11-15 18:30:00'),
(309, 5106, 1, 'ANANDRAO GULABRAO PAWAR', 1, '2017-11-15 18:30:00'),
(310, 5107, 1, 'MARUTI KASHINATH UTTALE', 1, '2017-11-15 18:30:00'),
(311, 5108, 1, 'BHAGAWAT KASHINATH BHOSALE', 1, '2017-11-15 18:30:00'),
(312, 5109, 1, 'GANESH MADHUKAR MAHAJAN', 1, '2017-11-15 18:30:00'),
(313, 5110, 1, 'SANTOSH GANPAT SHINDE', 1, '2017-11-15 18:30:00'),
(314, 5112, 1, 'GOPAL BHIMRAO INGLE', 1, '2017-11-15 18:30:00'),
(315, 5113, 1, 'SANJAY NARAYAN PANDE', 1, '2017-11-15 18:30:00'),
(316, 5114, 1, 'GOPAL DNYANOBA ARADWAD', 1, '2017-11-15 18:30:00'),
(317, 5115, 1, 'AJITKUMAR SHRIRANG MORE', 1, '2017-11-15 18:30:00'),
(318, 5116, 1, 'MARUTI SAVLARAM JADHAV', 1, '2017-11-15 18:30:00'),
(319, 5117, 1, 'KISAN TULSHIRAM BHANGARE', 1, '2017-11-15 18:30:00'),
(320, 5118, 1, 'VIVEK PRBHAKAR SAWANT', 1, '2017-11-15 18:30:00'),
(321, 5119, 1, 'SANTOSH PRAKASH KHATAL', 1, '2017-11-15 18:30:00'),
(322, 5120, 1, 'SANJAY BHASKAR MHAOPE', 1, '2017-11-15 18:30:00'),
(323, 5121, 1, 'RAMESH HEMA THAKRE', 1, '2017-11-15 18:30:00'),
(324, 5122, 1, 'RAVINDRA GOVIND JADHAV', 1, '2017-11-15 18:30:00'),
(325, 5123, 1, 'SANJAY DATTATRAY KOR', 1, '2017-11-15 18:30:00'),
(326, 5124, 1, 'RUPESH RAMAKANT GAMBHIRAO', 1, '2017-11-15 18:30:00'),
(327, 5126, 1, 'MILIND ANANT DESHPANDE', 1, '2017-11-15 18:30:00'),
(328, 5127, 1, 'ASIF BASHIR SHAIKH', 1, '2017-11-15 18:30:00'),
(329, 5128, 1, 'MAHENDRA RAMDAS KASAR', 1, '2017-11-15 18:30:00'),
(330, 5129, 1, 'TRUSHANT SHIVAJI JADHAV', 1, '2017-11-15 18:30:00'),
(331, 5130, 1, 'ARUN BALARAM PATIL', 1, '2017-11-15 18:30:00'),
(332, 5131, 1, 'RANJEET EKNATH RAJPUT', 1, '2017-11-15 18:30:00'),
(333, 5132, 1, 'KAMLAKAR PANDURANG GOSAVI', 1, '2017-11-15 18:30:00'),
(334, 5133, 1, 'PRASHANT GOPAL PARAB', 1, '2017-11-15 18:30:00'),
(335, 5134, 1, 'RANGRAO MANGO SHERE', 1, '2017-11-15 18:30:00'),
(336, 5135, 1, 'SACHIN PANDURANG SONGIRE', 1, '2017-11-15 18:30:00'),
(337, 5136, 1, 'KRISHNARAO BABURAO SAWANT', 1, '2017-11-15 18:30:00'),
(338, 5137, 1, 'SUNIL PARSHURAM KHISHMATRAO', 1, '2017-11-15 18:30:00'),
(339, 5138, 1, 'TANAJI HARIBA DHERE', 1, '2017-11-15 18:30:00'),
(340, 5139, 1, 'PRAKASH VISHNU LAWAND', 1, '2017-11-15 18:30:00'),
(341, 5140, 1, 'HARISHCHANDRA NAMDEV MALI', 1, '2017-11-15 18:30:00'),
(342, 5141, 1, 'SANDEEP RAMESH BAGUL', 1, '2017-11-15 18:30:00'),
(343, 5142, 1, 'VIJAY SAKHARAM SAWANT', 1, '2017-11-15 18:30:00'),
(344, 5143, 1, 'NIVRUTTI HARI BHOLE', 1, '2017-11-15 18:30:00'),
(345, 5144, 1, 'AJIT NAGAPPA SAVEKAR', 1, '2017-11-15 18:30:00'),
(346, 5145, 1, 'SHARAD KRISHNA JADHAV', 1, '2017-11-15 18:30:00'),
(347, 5146, 1, 'EKNATH RAJARAM YADAV', 1, '2017-11-15 18:30:00'),
(348, 5147, 1, 'KHANDU MANGO AHIRE', 1, '2017-11-15 18:30:00'),
(349, 5148, 1, 'RADHAKRISHNA TATU GHADIGAVKAR', 1, '2017-11-15 18:30:00'),
(350, 5149, 1, 'RAVINDRA SOPAN SATHE', 1, '2017-11-15 18:30:00'),
(351, 5150, 1, 'PRASHANT PRASHURAM PARAB', 1, '2017-11-15 18:30:00'),
(352, 5151, 1, 'UTTAM DEVRAM BODAKE', 1, '2017-11-15 18:30:00'),
(353, 5152, 1, 'VIKAS JAGNNATH KOTHAVADE', 1, '2017-11-15 18:30:00'),
(354, 5154, 1, 'DILIP GAJANAN SHINDE', 1, '2017-11-15 18:30:00'),
(355, 5155, 1, 'JAYWANT ROHIDAS THAKUR', 1, '2017-11-15 18:30:00'),
(356, 5156, 1, 'GANESH VASANT MORE', 1, '2017-11-15 18:30:00'),
(357, 5157, 1, 'ASHOK SITARAM SAHANE', 1, '2017-11-15 18:30:00'),
(358, 5158, 1, 'SHYAM BHANUDAS FISKE', 1, '2017-11-15 18:30:00'),
(359, 5159, 1, 'MOHAN YASHWANT LOKHANDE', 1, '2017-11-15 18:30:00'),
(360, 5160, 1, 'KRISHNA HARIBHAU SALUNKHE', 1, '2017-11-15 18:30:00'),
(361, 5161, 1, 'QAMAR MUJAFFAR HUSAIN ABBASI', 1, '2017-11-15 18:30:00'),
(362, 5162, 1, 'NAMDEV MALU KEDAR', 1, '2017-11-15 18:30:00'),
(363, 5164, 1, 'TATYASAHEB JIJABA SHEDGE', 1, '2017-11-15 18:30:00'),
(364, 5165, 1, 'RAJRATAN BHIMRAO DHOBLE', 1, '2017-11-15 18:30:00'),
(365, 5166, 1, 'SANJAY BANSILAL WADILE', 1, '2017-11-15 18:30:00'),
(366, 5168, 1, 'RAJENDRA BHIKAJI GHADIGAONKAR', 1, '2017-11-15 18:30:00'),
(367, 5170, 1, 'RAMESH NIVRUTTI KATKAR', 1, '2017-11-15 18:30:00'),
(368, 5171, 1, 'AVINASH KISAN PABALE', 1, '2017-11-15 18:30:00'),
(369, 5172, 1, 'AMBADAS VITHOBA PANSARE', 1, '2017-11-15 18:30:00'),
(370, 5173, 1, 'DNYANESHWAR PRABHAKAR RAHANE', 1, '2017-11-15 18:30:00'),
(371, 5175, 1, 'SUDHIR YASHWANT GAONKAR', 1, '2017-11-15 18:30:00'),
(372, 5176, 1, 'RATAN NAMDEV BHOIR', 1, '2017-11-15 18:30:00'),
(373, 5177, 1, 'SANTOSH VINAYAK ASALAK', 1, '2017-11-15 18:30:00'),
(374, 5178, 1, 'SUNIL KHANDU HINGE', 1, '2017-11-15 18:30:00'),
(375, 5179, 1, 'VIKAS YASHWANT RANAWARE', 1, '2017-11-15 18:30:00'),
(376, 5180, 1, 'VIJAY SHIVAJI CHOWGULE', 1, '2017-11-15 18:30:00'),
(377, 5181, 1, 'SANDEEP LAXMAN DALAL', 1, '2017-11-15 18:30:00'),
(378, 5182, 1, 'SURESH DATTU KADLAG', 1, '2017-11-15 18:30:00'),
(379, 5183, 1, 'NAGESH MAHADEV DHENDE', 1, '2017-11-15 18:30:00'),
(380, 5185, 1, 'SANDESH RAMCHANDRA TAWADE', 1, '2017-11-15 18:30:00'),
(381, 5186, 1, 'PRAKASH BHAGWAN GAWADE', 1, '2017-11-15 18:30:00'),
(382, 5187, 1, 'BALWANT GANGARAM BHADANE', 1, '2017-11-15 18:30:00'),
(383, 5188, 1, 'SANJAY BHAGWAN KADAM', 1, '2017-11-15 18:30:00'),
(384, 5189, 1, 'SANTOSH ATMARAM CHAVAN', 1, '2017-11-15 18:30:00'),
(385, 5190, 1, 'SANDEEP DATTATRAY SHROTRI', 1, '2017-11-15 18:30:00'),
(386, 5191, 1, 'SUDAM SHANKAR BHOSALE', 1, '2017-11-15 18:30:00'),
(387, 5192, 1, 'SANTOSH CHANDAR KHAMBALE', 1, '2017-11-15 18:30:00'),
(388, 5194, 1, 'SUNIL DATTATRAY NIKUMBH', 1, '2017-11-15 18:30:00'),
(389, 5195, 1, 'ANTON PRBHAKAR AUTADE', 1, '2017-11-15 18:30:00'),
(390, 5196, 1, 'SANJAY MAHADEV GOSAVI', 1, '2017-11-15 18:30:00'),
(391, 5197, 1, 'VILAS VISHNU DHANAWADE', 1, '2017-11-15 18:30:00'),
(392, 5198, 1, 'GULABRAO MANIK PATIL', 1, '2017-11-15 18:30:00'),
(393, 5199, 1, 'MUBIN IBRAHIM SHAIKH', 1, '2017-11-15 18:30:00'),
(394, 5200, 1, 'SANJAY DYANESHWAR SALUNKHE', 1, '2017-11-15 18:30:00'),
(395, 5203, 1, 'JANARDHAN EKNATH PATIL', 1, '2017-11-15 18:30:00'),
(396, 5204, 1, 'DEEPAK SAKHARAM SAWANT', 1, '2017-11-15 18:30:00'),
(397, 5205, 1, 'AVINASH SURYKANT VIRKAR', 1, '2017-11-15 18:30:00'),
(398, 5207, 1, 'SANJAY SURESH KADAM', 1, '2017-11-15 18:30:00'),
(399, 5208, 1, 'MANGESH DINKAR SHELAR', 1, '2017-11-15 18:30:00'),
(400, 5209, 1, 'PANDURANG SHRIPAD DINGORE', 1, '2017-11-15 18:30:00'),
(401, 5210, 1, 'SAKHARAM GOVIND KOKATE', 1, '2017-11-15 18:30:00'),
(402, 5212, 1, 'RAKESH SHANKAR BHAMODE', 1, '2017-11-15 18:30:00'),
(403, 5213, 1, 'YOGESH VASANT YADAV', 1, '2017-11-15 18:30:00'),
(404, 5214, 1, 'VIJAY KACHARU JAURAS', 1, '2017-11-15 18:30:00'),
(405, 5215, 1, 'NADKUMAR DATTARAM CHAVAN', 1, '2017-11-15 18:30:00'),
(406, 5216, 1, 'DINESH MADHUKAR GHODKE', 1, '2017-11-15 18:30:00'),
(407, 5218, 1, 'SUBHASH MAHADEV GOLE', 1, '2017-11-15 18:30:00'),
(408, 5219, 1, 'SHRIPAD CHANDRASHEKAR LOKHANDE', 1, '2017-11-15 18:30:00'),
(409, 5220, 1, 'SATISH KASHINATH BORSE', 1, '2017-11-15 18:30:00'),
(410, 5222, 1, 'LATIF ABBAS SHAIKH', 1, '2017-11-15 18:30:00'),
(411, 5223, 1, 'YOGESH EKNATH CHOUDHARY', 1, '2017-11-15 18:30:00'),
(412, 5224, 1, 'RAJENDRA BHULESHWAR YADAV', 1, '2017-11-15 18:30:00'),
(413, 5226, 1, 'VIJAY DATTATRAY SHIPOSKAR', 1, '2017-11-15 18:30:00'),
(414, 5227, 1, 'MANGESH SHANTARAM RANE', 1, '2017-11-15 18:30:00'),
(415, 5228, 1, 'MAHANT TATYARAM SALVE', 1, '2017-11-15 18:30:00'),
(416, 5229, 1, 'DEEPAK REVNATH BUWA', 1, '2017-11-15 18:30:00'),
(417, 5230, 1, 'SUNIL DAGDU GADE', 1, '2017-11-15 18:30:00'),
(418, 5231, 1, 'DATTATRY ANANT BHOIR', 1, '2017-11-15 18:30:00'),
(419, 5232, 1, 'NARENDRA DATTARAM GAVKAR', 1, '2017-11-15 18:30:00'),
(420, 5233, 1, 'DNYANDEO KUNDLIK ARANGALE', 1, '2017-11-15 18:30:00'),
(421, 5234, 1, 'GANPAT MAHADEV SANGLE', 1, '2017-11-15 18:30:00'),
(422, 5235, 1, 'AVINASH SAMBHAJI ROKADE', 1, '2017-11-15 18:30:00'),
(423, 5236, 1, 'GANESH VITHOBA RANE', 1, '2017-11-15 18:30:00'),
(424, 5237, 1, 'NANASHAEB RAJARAM PAWAR', 1, '2017-11-15 18:30:00'),
(425, 5238, 1, 'RAMESH SITARAM RAJPUT', 1, '2017-11-15 18:30:00'),
(426, 5239, 1, 'ARUN YOGIRAJ PATIL', 1, '2017-11-15 18:30:00'),
(427, 5240, 1, 'KAMLESH KESHAV PANDIT', 1, '2017-11-15 18:30:00'),
(428, 5241, 1, 'ARJUN MARUTI GHADGE', 1, '2017-11-15 18:30:00'),
(429, 5243, 1, 'DINESH VITTHAL KSHRISAGAR', 1, '2017-11-15 18:30:00'),
(430, 5244, 1, 'BHAGESH MADHUKAR KABADI', 1, '2017-11-15 18:30:00'),
(431, 5245, 1, 'WAMAN SITARAM GARGOTE', 1, '2017-11-15 18:30:00'),
(432, 5246, 1, 'RANJEET ANANT SHINDE', 1, '2017-11-15 18:30:00'),
(433, 5247, 1, 'ANAND VASANT KSHIRSAGAR', 1, '2017-11-15 18:30:00'),
(434, 5248, 1, 'HUSAIN BADHSHAH DONGRISAHEB', 1, '2017-11-15 18:30:00'),
(435, 5250, 1, 'RAJU PANDURANG GAIKWAD', 1, '2017-11-15 18:30:00'),
(436, 5251, 1, 'ARIF ABDUL LATIF TASLIM', 1, '2017-11-15 18:30:00'),
(437, 5252, 1, 'VINOD PRALHAD INGLE', 1, '2017-11-15 18:30:00'),
(438, 5253, 1, 'GAJANAN MADHUKAR NAIK', 1, '2017-11-15 18:30:00'),
(439, 5254, 1, 'DINESH JAGNNATH GAVARI', 1, '2017-11-15 18:30:00'),
(440, 5256, 1, 'SANJAY NAJIR TADVI', 1, '2017-11-15 18:30:00'),
(441, 5257, 1, 'VILAS GOVIND UNDE', 1, '2017-11-15 18:30:00'),
(442, 5258, 1, 'SANTOSH LAXMAN SHENDE', 1, '2017-11-15 18:30:00'),
(443, 5259, 1, 'VISHAL MUGUTRAV DANGRE', 1, '2017-11-15 18:30:00'),
(444, 5260, 1, 'NITIN SHIVDAS KHAIRNAR', 1, '2017-11-15 18:30:00'),
(445, 5261, 1, 'SOMNATH HARI HAMARE', 1, '2017-11-15 18:30:00'),
(446, 5266, 1, 'BHAU KISAN DODHAD', 1, '2017-11-15 18:30:00'),
(447, 5269, 1, 'AJAY KRISHNKANT SAKPAL', 1, '2017-11-15 18:30:00'),
(448, 5270, 1, 'KAILAS SHAMRAO THAKUR', 1, '2017-11-15 18:30:00'),
(449, 5271, 1, 'MADHAV SHANKAR BIRARI', 1, '2017-11-15 18:30:00'),
(450, 5272, 1, 'RAVINDRA SKHARAM SUPE', 1, '2017-11-15 18:30:00'),
(451, 5274, 1, 'SADANAND SHANKAR KAKAD', 1, '2017-11-15 18:30:00'),
(452, 5275, 1, 'VAMAN MANSARAM KHAVAS', 1, '2017-11-15 18:30:00'),
(453, 5276, 1, 'SANTHARAM VITTHAL GHODE', 1, '2017-11-15 18:30:00'),
(454, 5278, 1, 'SHYAMSUNDAR MAHADEV BARAPATRE', 1, '2017-11-15 18:30:00'),
(455, 5280, 1, 'VIJU JAGANNATH SABLE', 1, '2017-11-15 18:30:00'),
(456, 5281, 1, 'MAHADU SHARAVAN VANGAD', 1, '2017-11-15 18:30:00'),
(457, 5282, 1, 'VIJAY GANESH KOLI', 1, '2017-11-15 18:30:00'),
(458, 5283, 1, 'DHANESHWAR TUKARAM GAVIT', 1, '2017-11-15 18:30:00'),
(459, 5284, 1, 'KISHOR GOVIND ZIRWAL', 1, '2017-11-15 18:30:00'),
(460, 5285, 1, 'NARENDRA RAMBHAU BHIVAPURKAR', 1, '2017-11-15 18:30:00'),
(461, 5287, 1, 'AJIT SHIVNARAYAN PARDESHI', 1, '2017-11-15 18:30:00'),
(462, 5288, 1, 'SANTOSH FAKIRA RATHOD', 1, '2017-11-15 18:30:00'),
(463, 5291, 1, 'RAVINDRA DAGADU TANWAR', 1, '2017-11-15 18:30:00'),
(464, 5292, 1, 'RAMESH BABLYA PINGLE', 1, '2017-11-15 18:30:00'),
(465, 5293, 1, 'SANJAY HIRAMAN LANDGE', 1, '2017-11-15 18:30:00'),
(466, 5294, 1, 'VISHAL SHIVAJI KUMTHEKAR', 1, '2017-11-15 18:30:00'),
(467, 5296, 1, 'SANTOSH PARSHURAM PATIL', 1, '2017-11-15 18:30:00'),
(468, 5298, 1, 'HEMANT NAMDEO SATPUTE', 1, '2017-11-15 18:30:00');

-- --------------------------------------------------------

--
-- Table structure for table `tickets`
--

CREATE TABLE IF NOT EXISTS `tickets` (
  `tickets_Id` int(12) NOT NULL AUTO_INCREMENT,
  `tickets_Price` decimal(6,2) NOT NULL,
  `tickets_ExtraPrice` decimal(6,2) NOT NULL,
  `tickets_Type` tinyint(1) NOT NULL DEFAULT '0',
  `tickets_CreatedOn` timestamp NOT NULL DEFAULT '0000-00-00 00:00:00' ON UPDATE CURRENT_TIMESTAMP,
  `tickets_CreatedBy` int(12) NOT NULL,
  `tickets_Status` varchar(1) NOT NULL DEFAULT '1',
  PRIMARY KEY (`tickets_Id`)
) ENGINE=InnoDB  DEFAULT CHARSET=latin1 AUTO_INCREMENT=19 ;

--
-- Dumping data for table `tickets`
--

INSERT INTO `tickets` (`tickets_Id`, `tickets_Price`, `tickets_ExtraPrice`, `tickets_Type`, `tickets_CreatedOn`, `tickets_CreatedBy`, `tickets_Status`) VALUES
(1, '3.00', '0.00', 1, '2017-11-15 22:30:00', 1, '1'),
(2, '4.00', '0.00', 1, '2017-11-15 22:30:00', 1, '1'),
(3, '5.00', '0.00', 1, '2017-11-15 22:30:00', 1, '1'),
(4, '4.85', '0.15', 0, '2017-11-15 22:30:00', 1, '1'),
(5, '5.85', '0.15', 0, '2017-11-15 22:30:00', 1, '1'),
(6, '6.85', '0.15', 0, '2017-11-15 22:30:00', 1, '1'),
(7, '7.85', '0.15', 0, '2017-11-15 22:30:00', 1, '1'),
(8, '8.85', '0.15', 0, '2017-11-15 22:30:00', 1, '1'),
(9, '9.85', '0.15', 0, '2017-11-15 22:30:00', 1, '1'),
(10, '12.85', '0.15', 0, '2017-11-15 22:30:00', 1, '1'),
(11, '13.85', '0.15', 0, '2017-11-15 22:30:00', 1, '1'),
(12, '15.85', '0.15', 0, '2017-11-15 22:30:00', 1, '1'),
(13, '16.85', '0.15', 0, '2017-11-15 22:30:00', 1, '1'),
(14, '17.85', '0.15', 0, '2017-11-15 22:30:00', 1, '1'),
(15, '18.85', '0.15', 0, '2017-11-15 22:30:00', 1, '1'),
(16, '19.85', '0.15', 0, '2017-11-15 22:30:00', 1, '1'),
(17, '24.85', '0.15', 0, '2017-11-15 22:30:00', 1, '1'),
(18, '29.85', '0.15', 0, '2017-11-15 22:30:00', 1, '1');

-- --------------------------------------------------------

--
-- Table structure for table `tickets_employee`
--

CREATE TABLE IF NOT EXISTS `tickets_employee` (
  `tickets_employee_Id` int(12) NOT NULL AUTO_INCREMENT,
  `tickets_employee_ticketId` int(12) NOT NULL,
  `tickets_employee_empId` int(12) NOT NULL,
  `tickets_employee_StartSerial` bigint(20) NOT NULL,
  `tickets_employee_Series` bigint(20) NOT NULL,
  `tickets_employee_EndSerial` bigint(20) NOT NULL,
  `tickets_employee_Addedby` int(12) NOT NULL,
  `tickets_employee_CreatedOn` timestamp NOT NULL DEFAULT CURRENT_TIMESTAMP,
  PRIMARY KEY (`tickets_employee_Id`)
) ENGINE=InnoDB DEFAULT CHARSET=latin1 AUTO_INCREMENT=1 ;

-- --------------------------------------------------------

--
-- Table structure for table `ticket_register`
--

CREATE TABLE IF NOT EXISTS `ticket_register` (
  `TicketRegister_Id` int(12) NOT NULL AUTO_INCREMENT,
  `TicketRegister_TicketId` int(12) NOT NULL,
  `TicketRegister_Qty` int(12) NOT NULL,
  `TicketRegister_DateTime` datetime NOT NULL,
  `TicketRegister_Status` tinyint(12) NOT NULL,
  `TicketRegister_AddedBy` int(12) NOT NULL,
  PRIMARY KEY (`TicketRegister_Id`),
  KEY `ticket_register_TicketId` (`TicketRegister_TicketId`)
) ENGINE=InnoDB  DEFAULT CHARSET=latin1 AUTO_INCREMENT=2 ;

--
-- Constraints for dumped tables
--

--
-- Constraints for table `bus_duty`
--
ALTER TABLE `bus_duty`
  ADD CONSTRAINT `bus_duty_RouteId` FOREIGN KEY (`bus_duty_RouteId`) REFERENCES `bus_routes` (`Bus_Routes_Id`) ON DELETE CASCADE;

--
-- Constraints for table `bus_timing`
--
ALTER TABLE `bus_timing`
  ADD CONSTRAINT `bus_timing_DutyId` FOREIGN KEY (`bus_timing_DutyId`) REFERENCES `bus_duty` (`bus_duty_Id`) ON DELETE CASCADE,
  ADD CONSTRAINT `bus_timing_RouteId` FOREIGN KEY (`bus_timing_RouteId`) REFERENCES `bus_routes` (`Bus_Routes_Id`) ON DELETE CASCADE;

--
-- Constraints for table `cashdeposit_slip`
--
ALTER TABLE `cashdeposit_slip`
  ADD CONSTRAINT `cashDeposit_slip_DriverEmpId` FOREIGN KEY (`cashDeposit_slip_DriverEmpId`) REFERENCES `employees` (`Employee_Id`) ON DELETE CASCADE,
  ADD CONSTRAINT `cashDeposit_slip_ConductorEmpId` FOREIGN KEY (`cashDeposit_slip_ConductorEmpId`) REFERENCES `employees` (`Employee_Id`) ON DELETE CASCADE;

--
-- Constraints for table `conductor_daysslip`
--
ALTER TABLE `conductor_daysslip`
  ADD CONSTRAINT `conductor_daysSlip_DriveEmpId` FOREIGN KEY (`conductor_daysSlip_DriveEmpId`) REFERENCES `employees` (`Employee_Id`) ON DELETE CASCADE,
  ADD CONSTRAINT `conductor_daysSlip_ConductorEmpId` FOREIGN KEY (`conductor_daysSlip_ConductorEmpId`) REFERENCES `employees` (`Employee_Id`) ON DELETE CASCADE;

--
-- Constraints for table `ticket_register`
--
ALTER TABLE `ticket_register`
  ADD CONSTRAINT `ticket_register_TicketId` FOREIGN KEY (`TicketRegister_TicketId`) REFERENCES `tickets` (`tickets_Id`) ON DELETE CASCADE;

/*!40101 SET CHARACTER_SET_CLIENT=@OLD_CHARACTER_SET_CLIENT */;
/*!40101 SET CHARACTER_SET_RESULTS=@OLD_CHARACTER_SET_RESULTS */;
/*!40101 SET COLLATION_CONNECTION=@OLD_COLLATION_CONNECTION */;
